Serial,ClientName,DBA
2019,NOR-LAN CHRYSLER INC.,
2024,DUCHARME MOTORS LTD. ,
2038,COUNTRY HILLS CHRYSLER DODGE JEEP RAM LTD.,COUNTRY HILLS CHRYSLER DODGE JEEP RAM LTD.
2041,CENTAUR IMPORT MOTORS (1977) LTD.,CENTAUR IMPORT MOTORS
2044,KIPP SCOTT MOTORS,KIPP SCOTT GMC CADILLAC BUICK
2045,SARCEE MOTORS LTD.,WHEATON HONDA WEST
2066,WESTERN GMC BUICK LTD,WOLFE GMC BUICK EDMONTON
2074,ROCKY MOUNTAIN DODGE & RV,
2076,BIG LAKES DODGE LTD. ,
2100,JIM HANSEN'S GATEWAY FORD LINCOLN SALES INC.,HANSEN FORD
2135,ZAROWNY MOTORS (ST. PAUL),
2142,COLD LAKE CHRYSLER JEEP,
2170,EDMONTON MOTORS LTD.,WOLFE CADILLAC
2180,GSL GM CITY,WOLFE CHEVROLET GMC BUICK CALGARY
2210,NABER FORD SALES LTD,NABER FORD SALES LTD
2215,COLD LAKE FORD,
2218,1717887 ALBERTA LTD.,CAMROSE TOYOTA
2219,GREAT PLAINS FORD SALES,
2250,OCEAN PARK FORD SALES LTD.,
2254,PORTMAR HOLDINGS LTD ,CAMPBELL RIVER HONDA
2326,FERNIE FORD SALES LTD.,LEGACY FORD FERNIE
2340,ISLAND MOTOR PRODUCTS INC,
2344,COMOX VALLEY CHRYSLER JEEP DODGE RAM,COMOX VALLEY CHRYSLER JEEP DODGE RAM
2353,328633 B.C. Ltd.,Wolfe's Langley Mazda
2355,0932591 B.C. LTD,MSA FORD SALES
2357,FORT MOTORS LTD,
2371,HARBOURVIEW AUTOHAUS LTD,
2411,PARKERS CHRYSLER DODGE JEEP LTD,
2414,PIONEER GARAGE LIMITED,
2419,RAINBOW CHRYSLER DODGE JEEP RAM LTD.,RAINBOW CHRYSLER DODGE JEEP RAM LTD.
2504,BAYVIEW CHRYSLER DODGE LTD.,
2548,DIXIE FORD SALES LIMITED,
2562,BLUE MOUNTAIN CHRYSLER LTD,
2592,ORANGEVILLE CHRYSLER LTD.,
2595,THRASHER SALES & LEASING LTD.,
2621,BLAIKIES DODGE CHRYSLER LTD.,
2623,POTHIER MOTORS LTD.,
2627,DOWNEY FORD SALES (MAIN STORE),
2635,ATLANTIC DODGE CHRYSLER JEEP,
2651,NORRAD CHRYSLER (1997) LTD.,
2658,CENTRAL NOVA SUBARU OUTBACK HOLDINGS LTD,
2675,WHEELS & DEALS LTD.,
2693,BRUCE V-T LIMITED,TRURO VOLKSWAGEN
2694,WHITEHORSE SUBARU,
2842,SHAWVILLE FORD INC.,
2843,9382542 CANADA INC.,DORMANI INFINITI
2844,4544391 Canada Inc.,Dormani Nissan
2888,6838600 CANADA INC. DBA RALLYE MITSUBISHI,RALLYE MITSUBISHI
2890,3463192 CANADA INC,MEGA AUTOMOBILE
2891,LE CENTRE DU VR LEISURE DAYS GATINEAU,
2894,9106-3644 QUEBEC INC,SUBARU GRANBY
2898,ST-JEROME CHRYSLER JEEP DODGE INC,
2899,ST-JEROME CHEVROLET BUICK GMC INC,
2901,GIMLI AUTO LTD.,
2949,CRAIG DUNN CHEVROLET BUICK GMC LTD.,
2954,SUPERIOR CHRYSLER DODGE JEEP,
2995,MCPHILLIPS NISSAN,
2998,3147444 MB Ltd. ,
2999,WINNIPEG KIA,
3001,REDLINE CHRYSLER DODGE JEEP RAM LTD.,REDLINE CHRYSLER DODGE JEEP RAM LTD.
3003,JANZEN PONTIAC BUICK LTD.,JANZEN CHEVROLET BUICK GMC
3004,SOUTHLAND VENTURES INC.,JANZEN CHEVROLET BUICK GMC
3006,CROSS-TOWN MOTORS ROBLIN LTD,
3007,HOMETOWN SERVICE LTD.,
3008,7178728 MANITOBA LTD,
3009,TWIN MOTORS LTD.,TWIN MOTORS THE PAS
3010,TWIN MOTORS THOMPSON,
3011,TWIN MOTORS FLIN FLON,
3012,TWIN MOTORS DAUPHIN,
3013,Winnipeg Hyundai,
3014,MKH VENTURES,
3015,DEAN COOLEY MOTORS LTD,
3020,DUNN MOTORS PORTAGE LIMITED PARTNERSHIP,
3021,ROCK COUNTRY CHEVROLET BUICK LTD,ROCK COUNTRY GM
3022,HAUKAAS MOTORSPORTS INC.,
3023,BLT AUTOMOTIVE,
3024,BMH AUTOMOTIVE,
3025,RIVER CITY FORD SALES LTD.,
3026,CARMAN FORD SALES LTD.,
3027,MURRAY MOTORS WINKLER LIMITED PARTNERSHIP,SOUTHLAND HONDA
3028,FORMO MOTORS LTD.,
3029,WILF'S ELIE FORD SALES LTD.,WILF'S ELIE FORD SALES LTD.
3030,DAUPHIN FORD LTD.,
3031,CANADAWIDE VEHICLE FINANCE LTD,RIDE TIME
3032,JANZEN HOLDING,
3100,ST-JEROME AUTO DEPOT INC.,
3101,ARNOLD CHEVROLET BUICK GMC CADILLAC INC,
3102,NICOL AUTO INC.,
3103,AUTO ZOOM,
3104,ST-ONGE FORD INC.,
3105,ST-ONGE FORD LA TUQUE,
3106,9116-9912 QUEBEC INC.,KIA SHAWINIGAN
3107,ST-ONGE FORD INC.,TROUVETONAUTOCAMION LA TUQUE
3108,GRANBY CHEVROLET CADILLAC BUICK GMC INC.,
3109,ELEGANCE ACURA,
3111,OSTIGUY FORD INC.,
3112,ST-ONGE FORD INC. ,TROUVE TON AUTO-CAMION
3113,2625-2106 QC INC.,SUBARU STE-AGATHE
3114,GABRIEL OUEST-DE-L'ILE S. E. C. ,JAGUAR LAND ROVER GABRIEL WEST ISLAND
3115,2865-5827 QUEBEC INC.,VOLVO DE QUEBEC
3116,12489643 CANADA INC.,CAMIONS COMMERCIAUX JOHN SCOTTI
3117,12818370 CANADA INC.,VOLVO CARS SAINT-LEONARD
3118,12818396 CANADA INC.,SCOTTI ALFA ROMEO
3120,9115-5168 QUEBEC INC.,SHERBROOKE MITSUBISHI
3121,PRECISION AUTO INC.,PRECISION ACURA
3122,MAGOG FORD (2000) INC.,
3123,9076-7567 QUEBEC INC.,CARREFOUR 40-640 TOYOTA
3124,9230-1316 QUEBEC INC.,CARREFOUR 40-640 VOLKSWAGEN
3125,AUTO METIVIER INC.,LEVIS TOYOTA
3127,FUTUROTO INC.,ST-RAYMOND TOYOTA
3128,DOCTEUR DU PARE-BRISE,
3129,PRO-EXPERTS MAITRE CARROSSERIE,
3130,172050 CANADA LTEE,GROSSISTE D'AUTO SVETNA LTEE
3131,9230 4039 QUEBEC INC.,COUPAL & BRASSARD NISSAN SAINT-JEAN-SUR-RICHELIEU
3132,9222 7149 QUEBEC INC.,COUPAL & BRASSARD NISSAN CHAMBLY
3133,9186 7275 QUEBEC INC.,COUPAL & BRASSARD MITSUBISHI
3134,CARROSSERIE CERTIFIE NISSAN & MITSUBISHI INC.,
3135,IMMEUBLE F&A BRASSARD INC.,
3136,11773500 CANADA INC.,VAUDREUIL DODGE JEEP RAM FIAT
3137,4488601 CANADA INC.,BOULEVARD TOYOTA
3138,7606621 CANADA INC.,BOULEVARD LEXUS
3139,2170-8722 QUEBEC INC.,
3140,JDA AUTOMOBILES INC.,ANGERS TOYOTA
3141,9215-8419 QUEBEC INC.,IMPACT FORD
3144,CLAUDE AUTO (1984) INC.,TOYOTA MONT-LAURIER 
3145,VILLENEUVE VOLVO INC.,
3146,11796445 CANADA INC.,VILLENEUVE AUTO RIMOUSKI
3147,1857-2123 QUEBEC INC.,TOYOTA STE-AGATHE
3148,9165-7924 QUEBEC INC.,TOYOTA LACHUTE
3149,RENAUTHEQUE AUTOSPORT INC.,SUBARU ST-HYACINTHE 
3150,AUTOMOBILES VIEILLES FORGES LTEE,SUBARU TROIS-RIVIERES
3151,9152 - 7192 QUEBEC INC.,HONDA DE NEW RICHMOND
3152,ROULOTTES BAIE-DES-CHALEURS,
3153,9054-1582 QUEBEC INC.,SUBARU OUTAOUAIS
3154,LES AUTO FLASH EURO 2 INC.,AUTOFLASH
3155,Immobilier ECCD,
3156,BERNIER & CREPEAU (1988) LTEE,
3157,O'Regan's Rentals Limited,
3158,O'Regan Properties Limited,
3159,LEVEILLE FORD INC.,
3160,ReCar Halifax 716784 NB LTD ,
3161,WONDER AUTO LOWER SACKVILLE,
3162,CLARENVILLE FORD SALES LIMITED,MARYSTOWN FORD
3163,CLARENVILLE FORD SALES LIMITED,
3165,LES VÉHICULES JEAN GAGNÉ INC,HAWKESBURY KIA
3166,LES AUTOS JEAN GAGNÉ LTÉE,HONDA LACHUTE
3167,AUTO SÉNATEUR,VIMONT TOYOTA
3168,Dynamic Properties,
3169,AUTOMOBILES NORD SUD INC.,NORD SUD HONDA
3170,GRANBY CHRYSLER INC.,
3171,BESSETTE AUTOMOBILES INC.,
3172,Steele Auto Real Estate,
3173,EXCELLENCE DODGE CHRYSLER INC.,
3174,SAINT-LEONARD MITSUBISHI ,
3175,STUART LEASING LIMITED,STUART KIA
3178,Wonder Auto & Tire,Wonder Auto & Tire (WS)
3179,657358 NB INC.,MIRAMICHI HONDA
3180,4555536 NOVA SCOTIA LIMITED,CENTURY MAZDA
3181,4425485 NOVA SCOTIA LIMITED,VAC AUTO SALES
3182,4093640 CANADA INC.,VOLVO LAVAL
3183,16141871 CANADA INC.,HONDA CENTRE-VILLE
3184,16141790 CANADA INC.,VOLVO MONT-ROYAL
3189,762197 N.B. INC.,FREDERICTON KIA
3190,Les Immeubles Serge Bourbeau,
3192,AUTOMOBILES VOLTA LAVAL INC,POLESTAR MONTREAL
3199,G.W. MOSHER MOTORS LIMITED,MOSHER FORD
3200,9513-6008 QUEBEC INC,POLESTAR VILLE DE QUEBEC
3212,WILLOWBROOK MOTORS LTD.,
3238,PARKSVILLE CHRYSLER LTD.,
3248,METRO MOTORS LTD,
3281,0127494 BC LTD,VERNON HYUNDAI 
3284,KELOWNA CHRYSLER DODGE LTD.,
3292,OLYMPIC MOTORS (WC) VI CORPORATION,HILLTOP SUBARU
3300,FRONT LINE EQUIPMENT INC.,
3301,GREAT NORTH CHEVROLET BUICK GMC LIMITED,
3304,UB DRIVING,
3306,RIVER CITY SUB PRIME,
3307,THE PAS COLLISION & GLASS CENTRE INC.,
3308,10055592 MANITOBA LTD,WOODWORTH CHRYSLER DODGE JEEP RAM
3309,BEAUSEJOUR CHEVROLET BUICK GMC LTD.,
3310,10055592 MANITOBA LTD,WOODWORTH CDJR - SHOAL LAKE
3311,MURRAY MOTORS PEMBINA VALLEY LIMITED PARTNERSHIP,MURRAY MORDEN CHRYSLER DODGE JEEP RAM
3312,MURRAY MOTOR SALES WINNIPEG LIMITED PARTNERSHIP,MURRAY CHRYSLER DODGE JEEP RAM
3313,MURRAY CHEVROLET LIMITED PARTNERSHIP,MURRAY CHEVROLET WINNIPEG
3314,MURRAY MOTORS WINNIPEG LIMITED PARTNERSHIP,MURRAY HYUNDAI WINNIPEG
3315,6438653 MANITOBA LTD.,
3316,OLYMPIC MOTORS (MB) I CORPORATION,VIRDEN CHRYSLER DODGE JEEP RAM
3317,7523026 MANITOBA LTD.,AUTO SHOW SALES & FINANCE
3318,PRECISION GENERAL INVESTMENTS INC.,VIKING MOTORS GM 
3320,RVANA LEISURE GROUP INC.,WEST COAST AUTO & RV
3321,SHORESIDE CHEVROLET BUICK GMC LTD.,
3322,Sunset Consulting Inc.,
3323,GENESIS WINNIPEG,
3324,MCLAUGHLIN AUTO GROUP NEEPAWA LTD.,MCLAUGHLIN GM NEEPAWA
3404,TRUE NORTH FORD LTD.,
3439,392268 ALBERTA LTD,CANADA AUTO REMARKETING SUPERSTORE
3469,WAINALTA MOTORS (1998) LTD.,
3474,GRANT MILLER MOTORS LTD.,
3569,WINEGARD MOTORS,
3578,MCDONNELL MOTORS LTD.,
3588,DEGROOTE-HILL CHEVROLET BUICK GMC LTD.,
3591,SPADONI MOTORS LIMITED,
3607,BILL SPENCER CHEVROLET LTD.,
3613,MACMASTER BUICK GMC INC.,
3614,REID BROS. MOTOR SALES LTD.,
3624,RIVERVIEW AUTOMOBILE LTD.,
3652,GEMINI MOTORS LIMITED,
3678,ROSELAND MOTORS LTD.,
3681,FFUN NORTH BATTLEFORD LTD.,FFUN NORTH BATTLEFORD CHRYSLER DODGE JEEP RAM
3697,1230906 ONTARIO LTD.,THE AUTOMAX CENTRE
3787,538871 BC LTD.,INTEGRITY SUBARU
3808,KOKANEE FORD SALES LTD.,
3812,640353 BC LTD,CHILLIWACK MITSUBISHI
3951,MCMILLAN MOTOR PRODUCTS INC.,
3961,STONY PLAIN CHRYSLER,
3968,BARRY JAYS MARINE SALES AND SERVICE,
3971,WHOLESALE TRAILER OF ALBERTA LTD.,
3987,Bonnyville Dodge ,BONNYVILLE CHRYSLER
3994,RED DEER MOTORS,
4002,EXTREME DODGE,
4011,NASSAU MOTOR CO. LTD.,
4018,BERMUDA MOTORS LIMITED,
4028,DEVENY CHRYSLER JEEP DODGE RAM,
4032,STANLEY MOTORS INC.,COLE CHRYSLER DODGE JEEP
4044,WELSH`S MOTOR SALES INC.,
4055,TILLEMAN MOTOR CO.,
4064,BOLTON INC.,
4079,GLENDORA CHRYSLER JEEP DODGE,
4104,Countryside Volkswagen Inc.,
4120,EXECUTIVE MOTORS LTD.,
4126,WINN VOLKSWAGEN ,
4139,Beck Motors Inc.,
4152,SIERRA BLANCA MOTOR CO.,
4165,C.H. URNESS MOTORS CO.,
4167,KARMART VW/SUZUKI,
4168,KARMART DODGE CHRYSLER,
4169,KARMART NISSAN,
4170,QUALITY MOTORS,
4171,PASO ROBLES FORD,
4175,QUALITY TOYOTA,
4176,Jim Fugate Ford Inc.,Fugate Ford
4178,DON AADSEN FORD,
4188,MUSCATELL BURNS AUTOMOTIVE GROUP INC (Ford),
4189,WARD MUSCATELL AUTOMOTIVE GRP. INC.,
4190,WARD MUSCATELL AUTOMOTIVE GRP. INC.,
4192,CLASON BUICK GMC INC,
4202,IMLAY CITY FORD,
4208,KEY MOTORS,
4209,Midland Ford Lincoln Inc.,
4210,SOUTHGATE FORD,
4211,SOUTHGATE LINCOLN LLC,
4213,SOUTHGATE QUICK LANE TIRE & AUTO CENTER,
4215,SIMMS CHEVROLET COMPANY,
4216,HOPKINS AUTOMOTIVE GROUP LLC,
4217,HOPKINS AUTOMOTIVE GROUP OF SEAFORD,
4218,MURPHY CHEVROLET INC.,
4220,OSSEO AUTOMOTIVE GROUP,OSSEO FORD SALES AND SERVICE
4221,NELS GUNDERSON CHEVROLET,
4240,LANGLADE FORD INC.,
4242,KEN WASCHKE AUTO PLAZA,
4243,WASCHKE FAMILY GM CENTER,
4244,WASCHKE FAMILY CHEVROLET,
4246,GROSS MOTORS,
4247,GROSS MOTORS OF BLACK RIVER FALLS INC.,
4248,GROSS MOTORS OF MARSHFIELD,
4252,LYNCH MOTOR VEHICLE GROUP INC.,LYNCH CHEVROLET BUICK GMC
4253,LYNCH CHRYSLER DODGE JEEP,
4254,LYNCH MOTOR VEHICLE GROUP INC.,LYNCH TRUCK CENTER
4255,LYNCH MOTOR VEHICLE GROUP INC,LYNCH CHEVROLET OF KENOSHA
4256,LYNCH CHICAGO INC.,
4257,LYNCH MOTOR VEHICLE GROUP INC.,LYNCH CHEVROLET OF MUKWONAGO
4260,HIGH PLAINS MOTORS,
4261,MACDONALD MOTORS INC.,
4262,Fox Ford Inc.,
4276,COURTESY SUBARU INC.,
4277,KARMART VOLKSWAGEN OF MAUI,
4280,VETTER-MCGILL CHEVROLET INC.,
4282,Universal Chevrolet Co.,Universal Chevrolet Co.
4283,URKA AUTO CENTER INC.,
4284,CHRYSLER CORNER INC.,
4285,HOMAN CHRYSLER JEEP DODGE RAM,
4286,HOMAN FORD,
4287,HOMAN AUTO SALES INC.,HOMAN CHEVROLET 
4288,HOMAN VALUE CENTER,
4289,PRATER FORD INC.,
4290,HART GMC INC,HART GMC INC
4291,HART FORD LINCOLN MERCURY INC.,
4292,ARROTTA'S AUTOMAX & RV's LLC,
4293,CLICKIT RV LLC,
4294,BONANZA FORD INC.,
4295,NORTHTOWN AUTO LIQUIDATORS,
4296,TILLEMAN MOTOR CO - CHRYSLER,TILLEMAN HI-LINE DODGE
4297,VOICE MOTOR SALES INC.,
4298,TEAM HODGES INC,
4299,HOMAN KEARNS REAL ESTATE,
4304,BEAVERTON TOYOTA COMPANY INC.,BEAVERTON TOYOTA
4305,TINY HOMES OF SPOKANE,
4306,GANDRUD MOTOR COMPANY,GANDRUD DODGE CHRYSLER JEEP
4307,IVAN GANDRUD CHEVROLET INC.,GANDRUD CHEVROLET 
4308,GANDRUD AUTO GROUP,GANDRUD NISSAN
4310,WHEELER MOTORS INC.,
4311,COUNTRYSIDE ALFA ROMEO & FIAT,
4313,KRAPOHL FORD & LINCOLN CO.,
4314,MCGUIRE CHEVROLET INC.,
4316,WASCHKE FAMILY CHRYSLER DODGE JEEP RAM,
4317,V & H AUTOMOTIVE INC.,
4326,CHUCK SPAETH FORD LTD.,CHUCK SPAETH FORD LTD.
4327,PARK RAPIDS FORD,
4330,CLICKIT RV LLC,CLICKIT AUTO & RV SALES VALLEY
4331,CHUCK SPAETH FORD LTD.,
4334,Fletch's Inc.,Fletch's GMC Buick Audi
4339,Yoder Ford Inc.,Hacienda Ford
4342,HACIENDA AUTO OUTLET,
4343,KIWANIS HOLDINGS LLC,ALL AMERICAN FORD
4345,ALPHA MOTORS SPORTS PERFORMANCE LLC,
4351,Mojave Chrysler Dodge Jeep Ram of Barstow,
4352,Mojave Auto Group South Inc.,Mojave Nissan of Barstow
4354,ATWATER CHEVROLET GMC,
4356,J.O. Williams Motors Inc.,
4359,MOJAVE AUTO PARTS INC,MOJAVE AUTO PARTS INC. OA NAPA AUTO PARTS
4360,Bill DeLuca Chevrolet Cadillac Inc.,
4361,Bill Deluca Chevrolet GMC Inc.,
4362,Bill Deluca Chrysler Jeep Dodge Ram Inc.,
4364,Wittrock Motor Company,
4365,WILMINGTON AUTO CENTER CHRYSLER DODGE JEEP RAM,
4366,WINN/PATEL WOODLAND HILLS INC.,WINN VOLKSWAGEN WOODLAND HILLS
4370,GROSS MOTORS INC.,GROSS FORD
4371,POE IMPORTS L.P. ,POE TOYOTA
4373,POE AUTOMOTIVE L.P. DBA EL PASO HONDA,EL PASO HONDA
4375,HACIENDA FORD QUICKLANE,
4376,DANIEL J. QUIRK INC. DBA QUIRK CHEVROLET,QUIRK CHEVROLET
4377,DANIEL J. QUIRK INC. DBA QUIRK CHEVROLET - FORE RIVER SHIPYARD,QUIRK CHEVROLET - FORE RIVER SHIPYARD
4378,DANIEL J. QUIRK INC. DBA QUIRK CHEVROLET - WHOLESALE,QUIRK CHEVROLET - WHOLESALE
4379,DANIEL J. QUIRK INC. DBA QUIRK CHRYSLER JEEP,QUIRK CHRYSLER JEEP
4380,DANIEL J. QUIRK INC. DBA QUIRK KIA,QUIRK KIA
4381,DANIEL J. QUIRK INC. DBA QUIRK PREOWNED,QUIRK PREOWNED
4382,D.J. QUIRK FORD INC. DBA D.J. QUIRK FORD INC.,D.J. QUIRK FORD INC.
4383,QUIRK WORKS INC. DBA QUIRK MAZDA,QUIRK MAZDA
4384,QUIRK WORKS INC. DBA QUIRK VOLKSWAGEN,QUIRK VOLKSWAGEN
4385,QUIRK NISSAN INC. DBA QUIRK NISSAN,QUIRK NISSAN
4386,QUIRK NISSAN INC. DBA QUIRK CHRYSLER JEEP OF DORCHESTER,QUIRK CHRYSLER JEEP
4387,QUIRK CARS INC. DBA QUIRK WORKS SUBARU,QUIRK WORKS SUBARU
4388,QUIRK CARS INC. DBA QUIRK CHRYSLER DODGE JEEP RAM,QUIRK CHRYSLER DODGE JEEP RAM
4389,D.J.Q ENTERPRISES INC. DBA QUIRK CHEVROLET,QUIRK CHEVROLET
4390,D.J.Q ENTERPRISES INC. DBA QUIRK CHEVROLET - WHOLESALE,QUIRK CHEVROLET - WHOLESALE
4391,D.J.Q ENTERPRISES INC. DBA QUIRK BUICK,QUIRK BUICK
4392,D.J.Q ENTERPRISES INC. DBA QUIRK VW,QUIRK VOLKSWAGEN
4393,D.J.Q ENTERPRISES INC DBA QUIRK KIA,QUIRK KIA OF MANCHESTER
4394,QUINCY AUTO AUCTION INC. DBA QUINCY AUTO AUCTION,QUINCY AUTO AUCTION
4395,MARCH FOURTH LLC DBA MARCH FOURTH LLC,MARCH FOURTH LLC
4396,DANIEL J. QUIRK INC. DBA DANIEL J QUIRK,DANIEL J QUIRK
4397,SNAP DRAGON RENTALS,
4398,HEMEL'S CHEVROLET INC.,
4399,D.J. QUIRK FORD INC. DBA QUIRK AUTO BODY,QUIRK AUTO BODY
4404,TURPIN CHEVROLET INC.,
4405,TURPIN MOTORS,
4406,CLASSIC CHRYSLER DODGE JEEP RAM OF ARLINGTON,CLASSIC CHRYSLER DODGE JEEP RAM
4407,WINN/PATEL NEWARK - K LP DBA WINN KIA FREMONT,WINN KIA FREMONT
4408,ATWATER FORD INC.,
4409,WILSON FORD LINCOLN LLC,
4410,SIOUX CITY FORD LINCOLN,SIOUX CITY FORD LINCOLN
4411,CLASSIC CHEVROLET SUGARLAND LLC,
4413,SMITH MOTOR CO.,
4418,BRASS HIGHWAY 57 FORD,
4419,RICHMOND FORD WEST,
4420,RICHMOND FORD LLC,RICHMOND FORD LINCOLN
4421,QUALITY AUTO SALES,
4422,EXECUTIVE MOTORS LTD.,
4423,OMEGA MOTORS LTD.,
4424,QUALITY AUTO SALES (FREEPORT) LTD.,
4428,QUIRK COMMERCIAL TRUCK,
4429,COUNTRY CHEVROLET INC.,
4430,BEST CHEVROLET INC.,
4431,BEST CHRYSLER DODGE JEEP RAM,
4435,LYNCH MOTOR VEHICLE GROUP INC,LYNCH BUICK GMC OF WEST BEND
4436,REX CHEVROLET GMC-TRUCK LTD.,MARK HANSEN'S REX CHEVROLET GMC
4438,VARNEY INC.,VARNEY BUICK GMC
4439,VARNEY CHEVROLET INC.,
4440,VARNEY FORD INC.,
4441,RON ALPEN FORD INC.,
4442,ERVIN MOTOR CO.,
4444,JOHNSON SALES INC.,
4445,WEST POINT FORD LLC,
4447,PEARMAN MOTOR COMPANY LTD,
4448,CARR AUTO GROUP,CARR NISSAN
4449,CARR AUTO GROUP INC,CARR CHEVROLET
4450,CARR AUTO GROUP INC,CARR VANCOUVER
4451,CARR AUTO GROUP INC.,CARR SUBARU
4457,495 COLLISION,
4458,WESLACO COLLISION,
4459,HARLINGEN COLLISION,
4468,MARTIN'S GARAGE INC.,
4469,MARTIN FORD SALES INC.,
4471,TILL'S GARAGE INC.,
4472,DELZELL BROTHERS INC.,
4475,BACON CHEVROLET INC.,
4476,BACON AUTO COUNTRY INC.,
4477,BACON AUTO RANCH,
4478,GOUND CHEVROLET COMPANY,
4481,SHEPHERD'S CDJR INC.,
4487,CREECH INC.,
4494,MILDENBERGER MOTORS,
4495,CONTINENTAL MOTORS LTD.,PEUGEOT BERMUDA
4496,REAL AUTO B.V.,
4497,AUTO TRADE LTD.,
4498,PURSCH MOTORS INC.,
4499,BETTER WAY FORD LLC,CASCO BAY FORD
4500,NOBLE AUTOMOTIVE LTD.,
4501,REAL AUTO SASU,
4502,Trading International Group Inc. (TIC),
4503,NOBLE ENTERPRISES,
4505,KEAST FORD LINCOLN MERCURY INC.,KEAST AUTO CENTER
4507,CLASSIC CHEVROLET WEST LLC,CLASSIC ELITE CHEVROLET 
4508,SUNFAIR CHEVROLET INC.,HARVEST CHEVROLET
4509,JANSEN CHEVROLET CO. INC,
4510,JACK POWELL FORD MERCURY INC.,JACK POWELL FORD 
4511,LIFESTYLE MOTORS LIMITED,
4512,LIFESTYLE MOTORS LIMITED,
4513,HARVEST HONDA,
4514,PACIFIC AUTOMOTIVE HOLDINGS INC,ELK GROVE BUICK GMC
4517,GROSS CDJR INC. ,GROSS CHRYSLER DODGE JEEP RAM OF NEILLSVILLE
4518,CROWN NISSAN - CROWN AUTO DEALERSHIPS INC.,CROWN NISSAN
4519,CROWN HYUNDAI - CROWN AUTO DEALERSHIPS INC.,CROWN HYUNDAI
4520,CROWN BUICK GMC,CROWN BUICK GMC
4521,CROWN AUTO DEALERSHIPS INC.,CROWN KIA 
4523,CROWN AUTO DEALERSHIPS INC.,JAGUAR LANDROVER ST. PETERSBURG
4524,CROWN HONDA - CROWN AUTO DEALERSHIPS INC.,CROWN HONDA
4525,CROWN EUROCARS INC.,CROWN EUROCARS PINELLAS PARK
4526,CROWN VC LLC,CROWN VOLVO CARS
4527,CROWN MOTORS OF CLEARWATER INC.,CROWN ACURA
4528,CROWN EUROCARS INC.,AUDI CLEARWATER
4529,CAPITAL EUROCARS INC,CAPITAL MB PORSCHE
4530,CAPITAL BMW - CAPITAL EUROCARS INC.,CAPITAL BMW
4531,CAPITAL EUROCARS INC.,CAPITAL VOLKSWAGEN VOLVO
4532,CROWN MOTOR COMPANY INC.,CROWN EUROCARS DUBLIN
4533,CROWN CHRYSLER JEEP INC.,CROWN CHRYSLER JEEP DODGE RAM DUBLIN
4534,CROWN CHRYSLER JEEP INC.,CROWN KIA DUBLIN
4535,DUBLIN MOTORS LLC,CROWN FIAT OF DUBLIN
4536,CROWN CHATTANOOGA LLC,CROWN CHRYSLER DODGE JEEP RAM FIAT
4537,CROWN CLEVELAND LLC,CROWN CHRYSLER DODGE JEEP RAM CLEVELAND
4539,STEELE LULING LLC,STEELE CHEVROLET GMC LULING
4540,JANSEN AUTO GROUP LLC,JANSEN CHRYSLER DODGE JEEP RAM
4541,JANSEN AUTO GROUP LLC,JANSEN FORD CHRYSLER DODGE JEEP RAM
4542,QUIRK CARS INC,QUIRK KIA SOUTH
4544,LYNCH FORD OF MUKWONAGO LLC,
4546,WHITNEY'S INC.,WHITNEY'S CHEVROLET
4547,G & K MOTORS INC.,WHITNEY'S VALUE FORD
4553,CHIPMAN & TAYLOR CHEVROLET CO.,
4556,MANTECA FORD MERCURY INC.,MANTECA FORD
4557,JAMESTOWN MOTOR CORPORATION,SIERRA MOTORS
4558,KARMART VOLKSWAGEN,
4561,CLICKIT RV LLC ,CLICKIT RV MOSES LAKE
4571,V & H AUTO CHRYSLER,
4576,G&O INC ,STORMY'S USED CARS
4577,CRONIN HILLSDALE AUTO LLC,
4587,ARCADIA FORD LLC ,FOUNTAIN CITY FORD
4588,CASCO BAY FORD COMMERCIAL PARTS,
4589,PRATT ASSOCIATES INCORPORATED,PRATT
4593,STEELE'S AUTO SUPPLIES CO. LTD,
4603,CJ BEEPS EQUIPMENT LLC,
4604,CROWN SUBARU,
4605,JDR HOLDINGS LLC ,CLICKIT RV TRI-CITIES
4606,WILSONVILLE T LLC ,WILSONVILLE TOYOTA
4607,WILSONVILLE S LLC ,WILSONVILLE SUBARU
4608,M&E REAL ESTATE,
4609,HOMAN REAL ESTATE HOLDING CO.,
4610,HOMAN REAL ESTATE II,
4611,HOMAN SCHMUHL REAL ESTATE,
4612,GLASGOW AUTO SALES,
4613,SPOKANE HYUNDAI CORP,SPOKANE HYUNDAI
4614,AUTO IMPORT INC.,
4618,SHROYER MOTOR COMPANY INC.,
4619,HACIENDA QUICK LANE LLC,
4620,HACIENDA QUICK LANE LLC,
4622,KARMART VOLKSWAGEN OF MAUI,
4625,BRITAIN CHEVROLET INC.,BRITAIN CHEVROLET
4628,MUSKEGON CAR CREDIT INC.,CAR CITY
4629,MUSKEGON CAR CREDIT INC.,CAR CITY ALMA
4630,MUSKEGON CAR CREDIT INC.,CAR CITY BATTLE CREEK
4631,MUSKEGON CAR CREDIT INC.,CAR CITY CADILLAC
4632,MUSKEGON CAR CREDIT INC.,CAR CITY KALAMAZOO
4633,MUSKEGON CAR CREDIT INC.,CAR CITY LANSING
4634,MUSKEGON CAR CREDIT INC.,CAR CITY MUSKEGON
4637,LYNCH DENVER INC.,
4638,MUSKEGON CAR CREDIT INC.,CAR CITY SOUTH BEND
4639,JDR OREGON HOLDINGS LLC,CLICKIT RV MILTON - FREEWATER
4640,RANDY BOWEN CHEVROLET INC.,
4642,BOB RUWART MOTORS INC.,
4644,JANSEN FORD OF BREESE LLC,
4659,LOCKHART MOTOR CO. INC.,LOCKHART MOTOR CO. INC.
4660,1865217 AB LTD,ADRENALIN EXOTICS
4684,MAHONEY'S AUTOMALL INC.,
4686,BAYSIDE OF KING GEORGE II INC.,BAYSIDE CHRYSLER DODGE JEEP RAM
4687,BAYSIDE OF KING GEORGE INC.,BAYSIDE FORD
4688,M&M AUTO SALES OF WALDORF INC.,BAYSIDE KIA OF WALDORF
4689,BAYSIDE OF ANNAPOLIS INC.,BAYSIDE NISSAN OF ANNAPOLIS
4690,BAYSIDE CHEVROLET INC.,BAYSIDE CHEVROLET
4693,BAYSIDE WHOLESALE INC.,BAYSIDE PRE-OWNED SUPER CENTER
4694,BAYSIDE ANNAPOLIS II INC.,BAYSIDE CHRYSLER DODGE JEEP RAM OF ANNAPOLIS
4695,BAYSIDE OF HUGHESVILLE INC.,ALL AMERICAN HARLEY-DAVIDSON
4696,BAYSIDE OF UPPER MARLBORO INC.,BAYSIDE KUBOTA AND EQUIPMENT COMPANY
4698,QUIRK HIGHLINE INC.,GENESIS OF BRAINTREE
4699,DANIEL J QUIRK INC.,QUIRK BUICK GMC OF BRAINTREE
4700,QUIRK HY INC.,QUIRK HYUNDAI
4701,GENTRY CHEVROLET INC.,
4702,CLOUD PEAK MOTORS LLC,SHERIDAN HONDA
4706,KIWANIS HOLDINGS LLC,ALL AMERICAN CDJR
4707,LITCHFIELD AUTOMOTIVE SALES INC.,LITCHFIELD CHRYSLER CENTER
4708,CRONIN AUTO INC.,VOLVO/VOLKSWAGEN OF PERRYSBURG
4710,CRONIN AUTO INC.,CRONIN BUICK GMC OF PERRYSBURG
4711,BILLY LAWRENCE GMC INC.,
4712,BILLY LAWRENCE CHEVROLET INC.,
4718,MY TOWN AUTO GROUP LLC,MY TOWN CDJR
4720,LEASE & RENTAL MANAGEMENT CORP,AUTO USE
4721,YARK AUTOMOTIVE GROUP INC.,BMW OF TOLEDO
4722,MAROON INVESTMENTS LLC,YARK QUICK BUY
4723,YARK CHEVROLET LLC,YARK CHEVROLET
4724,YARK CJDR LLC,YARK CHRYSLER JEEP DODGE RAM
4725,CASTLE PEAK LLC,YARK FORD
4726,ELK INVESTMENTS LLC,YARK MAZDA
4727,YARK AUTOMOTIVE GROUP INC.,YARK NISSAN
4728,YARK AUTOMOTIVE GROUP INC.,YARK SUBARU
4729,SOPRIS INVESTMENTS LLC,YARK TOYOTA
4730,CRONIN AUTO MANAGEMENT,
4731,STEELE CJDR GONZALES LLC,STEELE CHRYSLER JEEP DODGE RAM GONZALES
4732,STEELE CJDR LOCKHART LLC,STEELE CHRYSLER JEEP DODGE RAM LOCKHART
4733,CON PAULOS INC.,CON PAULOS CHEVROLET
4737,YARK HOLDINGS LLC,
4738,TOM HODGES AUTO SALES INC.,TOM HODGES MITSUBISHI
4739,Brownsville Collision,
4740,Alice Collision,
4741,NORTHWEST JEEP INC.,NORTHWEST JEEP CHRYSLER DODGE RAM
4745,PIONEER FORD SALES LTD.,
4746,PIERCE AUTOMOTIVE INC. ,TOYOTA OF HATTIESBURG
4747,HATTIESBURGCARS.COM,HATTIESBURGCARS.COM
4748,STEELE GMC ROUND ROCK LLC,STEELE GMC ROUND ROCK
4749,ROTMAN MOTOR COMPANY INC.,
4750,HUTCHINGS AUTO GROUP LLC,
4751,IRON RIGS LLC,
4753,PREMIER SUBARU LLC,PREMIER SUBARU BRANFORD
4754,PREMIER SUBARU LLC,PREMIER SUBARU MIDDLEBURY
4755,PREMIER AUTOMOTIVE LLC,PREMIER KIA
4757,THIEF RIVER AUTOMOTIVE LLC,
4759,CASSILL MOTORS INC.,
4760,RICHMOND FORD WHOLESALE,
4763,CASSILL AUTO VALUE RENTALS LLC,
4765,HILL FAMILY INVESTMENTS INC.,66 AUTO SALES
4766,MOUW MOTOR COMPANY INC.,
4769,GRAFF CHEVROLET INC.,GRAFF CHEVROLET BAY CITY
4770,GRAFF CDJR OF ROCKFORD INC.,GRAFF CHRYSLER DODGE JEEP RAM OF ROCKFORD
4771,F&B AUTOMOTIVE ART INC.,
4772,ANNAPOLIS NISSAN LLC,ANNAPOLIS NISSAN
4773,CLICKIT RV LLC,CLICKIT RV UNION GAP
4774,BEHARRY AUTOMOTIVE LIMITED,
4775,STEELE AUTO GROUP USA INC.,
4776,PALLADIUM MOTORS INC.,
4777,IDEAL AUTOS INC.,
4778,GRAFF BUICK GMC CADILLAC - MT. PLEASANT INC.,GRAFF BUICK GMC CADILLAC MT. PLEASANT
4779,GRAFF CHEVROLET OF SANDUSKY INC,GRAFF CHEVROLET OF SANDUSKY
4780,GRAFF CHEVROLET-DURAND INC.,GRAFF CHEVROLET DURAND
4781,GRAFF CHEVROLET - MT. PLEASANT INC.,GRAFF CHEVROLET MT. PLEASANT
4782,GRAFF CHEVROLET-OKEMOS INC.,GRAFF CHEVROLET OKEMOS
4783,GRAFF FINANCIAL L.L.C.,
4784,GRAFF NISSAN OF OKEMOS INC.,GRAFF NISSAN OKEMOS
4785,HANK GRAFF CHEVROLET INC.,HANK GRAFF CHEVROLET DAVISON
4786,CAPITAL EUROCARS INC.,
4787,WEST MOTOR FORD INC.,
4789,WEST MOTOR COMPANY INC.,
4790,HACIENDA FORD OF ALICE LLC,HACIENDA FORD OF ALICE LLC
4791,O'CONNOR'S CHRYSLER DODGE JEEP RAM INC.,
4792,FAIRLY RELIABLE BOB'S INC.,
4793,BEAR LAKE MOTOR COMPANY INC.,
4794,FLEETSIDE FORD LLC,
4795,STOOPS BUICK INC.,STOOPS BUICK GMC
4797,HOMAN CHEVROLET GMC OF RIPON INC.,
4798,CHARBONNEAU BUICK-GMC TRUCK INC.,CHARBONNEAU CAR CENTER
4802,HEISER CHEVROLET INC.,
4803,HEISER FORD INC.,
4804,QUICK MOTORS,
4805,HEISER AUTOMOTIVE GROUP CORPORATE,
4806,HEISER MOTOR SALES INC.,HEISER TOYOTA
4807,HEISER CHEVROLET CADILLAC OF WEST BEND INC.,
4809,MIDWAY MOTORS OF HUTCHINSON LLC,MIDWAY MOTORS HUTCHINSON
4810,MIDWAY MOTORS OF NEWTON LLC,MIDWAY MOTORS NEWTON
4811,MIDWAY MOTORS CHEVROLET LLC,MIDWAY MOTORS HILLSBORO
4812,MIDWAY MOTORS SUPERCENTER INC.,MIDWAY MOTORS SUPERCENTER CG
4813,MIDWAY MOTORS SUPERCENTER INC.,MIDWAY MOTORS SUPERCENTER FLCDJR
4814,MARKQUART INC.,MARKQUART MOTORS
4815,WEST MOTOR COMPANY INC. (HYDE PARK),
4816,GANDRUD WEST MASON,
4817,STEWART'S AUTO SALES,STEWART'S AUTO SALES
4818,SILVER STAR MOTORS LIMITED,SILVER STAR MOTORS LIMITED
4819,STEWART'S AUTO SALES LIMITED,STEWART AUTO GALLERY
4820,STEWART'S AUTO SALES LIMITED,STEWART INDUSTRIAL
4822,CARIBBEAN AUTOMOTIVE RETAILERS (BARBADOS) INC.,CARIBBEAN AUTOMOTIVE RETAILERS (BARBADOS) INC.
4823,CAR (TRINIDAD & TOBAGO) LTD,CAR (TRINIDAD & TOBAGO) LTD
4824,STEELE NORTH STAR CJDR  LLC,STEELE NORTH STAR CHRYSLER JEEP DODGE RAM
4825,CLASSIC ELITE BUICK GMC INC,
4826,MACDONALD MOTORS INC.,
4827,PERFORMANCE MOTORS USA INC.,MAZDA OF PORT CHARLOTTE
4828,CLASSIC ELITE BUICK GMC INC,WEST POINT PARTS CENTER
4829,Keast Motors Inc,
4830,MILO PETERSON FORD CO.,
4831,JENKINS CHRYSLER DODGE JEEP INC.,
4832,EMAG KEWANEE CDJR LLC,ED MORSE CHRYSLER DODGE JEEP RAM NORTH
4833,EMAG GENESEO FD LLC,ED MORSE FORD NORTH
4834,XYZ MOTORS LLC,
4839,Tiger Leasing,
4840,Lannamans Holdings,
4841,Wheelersfield Devt.,
4842,WEST MOTOR BODY SHOP,
4843,QUALITY MOTORS INC.,SALMON RIVER MOTORS
4844,EDDIE PREUITT FORD INC.,
4845,QUALITY MOTORS INC.,
4850,ACCELERATE AUTO GROUP LLC,FAST BY ACCELERATE AUTO GROUP LLC
4851,BENING FORD OF PERRYVILLE L.L.C.,
4852,WACO AUTOMOTIVE GROUP LLC,UNIVERSITY KIA
4853,WACO AUTOMOTIVE GROUP LLC,UNIVERSITY MAZDA
4854,KOEPP CHEVROLET INC.,
4855,STEWART'S AUTO SALES LIMITED,STEWART'S MITSUBISHI
4856,STEWART'S AUTO SALES LIMITED,STEWART'S HONDA BIKES
4857,STEWART'S AUTO SALES LIMITED,STEWART'S BODY SHOP
4858,STEWART'S AUTO SALES LIMITED,GWM
4862,STEWART'S AUTO SALES LIMITED,BRAND X
4864,DUFF AUTO SALES INC.,EARL DUFF PRE-OWNED CENTER
4865,YAKIMA CANUSA AUTO LLC,HYUNDAI OF YAKIMA
4866,B.F. EVANS FORD INC.,
4867,DOVI MOTORS INC.,
4868,DOWLING CAR SALES LLC,DOWLING TOYOTA OF LITCHFIELD
4870,BEECHMONT INVESTMENTS INC.,EASTSIDE BODY SHOP AND BEECHMONT AUTOMOTIVE GROUP CORPORATE OFFICES
4871,WOESTE EASTSIDE MOTORS INC.,HONDA EAST CINCINNATI
4872,BEECHMONT MOTORS T INC.,BEECHMONT TOYOTA
4873,BEECHMONT MOTORS A INC.,AUDI CINCINNATI EAST
4874,BEECHMONT MOTORS M INC.,MASERATI OF CINCINNATI
4875,BEECHMONT MOTORS P INC.,PORSCHE OF THE VILLAGE
4876,AUTEX INCORPORATED,AUTEX MAZDA OF KEENE
4877,RANDALL NOE HYUNDAI L.P.,HYUNDAI OF LONGVIEW
4878,CANTON MOTORS. LLC,I20 CHRYSLER DODGE JEEP RAM
4879,EAGLESON AUTOMOTIVE CENTER INC.,
4880,MOSES INC.,MOSES AUTOMALL OF HUNTINGTON
4881,MOSES INC.,MOSES NISSAN OF HUNTINGTON
4882,BEHARRY AUTOMOTIVE LIMITED SERVICE,
4883,TRIPLE J ENTERPRISES INC.,TRIPLE J MOTORS GUAM
4884,TRIPLE J SAIPAN INC.,TRIPLE J MOTORS SAIPAN
4886,WARD MUSCATELL AUTOMOTIVE GROUP INC.,RED RIVER TRIUMPH
4887,GUZIK MOTOR SALES INC.,
4888,LIDTKE MOTORS INC.,
4890,WELD COUNTY GARAGE INC.,WELD COUNTY GARAGE (WCG)
4891,ONE WAY AUTO INC.,DRIVEWISE GREELY
4892,YODER MANAGEMENT LLC,
4893,ABS-WCG INC.,ABRA GREELEY
4895,FORCE INC.,GARY FORCE HONDA
4896,GARY FORCE INC.,GARY FORCE ACURA
4897,WELD COUNTY GARAGE INC.,TRUCK CITY
4898,DRIVEN FINANCIAL SERVICES INC.,
4899,ACS-FORT COLLINS,CARRIAGE SHOPPE
4900,ABS-Coopers Inc,ABRA FORT COLLINS
4901,TRANSIT LLC,MAPLE HILL HYUNDAI
4902,TRANSIT LLC,MAPLE HILL VOLKSWAGEN
4905,CROWN EUROCARS INC,CROWN INEOS GRENADIER
4906,LOUIE DOMINION DEALS ON WHEELS LLC,
4907,DOMINION CHEVROLET LLC,
4941,MIKE FREEMAN FORD INC.,
4943,WESLACO MOTORS LLC,PAYNE CHEVROLET BUICK-GMC
4944,WESLACO FORD LLC,PAYNE WESLACO FORD
4945,ED PAYNE MOTORS LLC,ED PAYNE MOTORS
4946,ALFA ROMEO AND FIAT OF THE RIO GRANDE VALLEY LLC,PAYNE ALFA ROMEO AND FIAT OF THE RIO GRANDE VALLEY
4947,PAYNE BROWNSVILLE INC.,PAYNE BROWNSVILLE VOLKSWAGEN MITSUBISHI
4948,PAYNE IMPORTS LLC,PAYNE MISSION VOLKSWAGEN MITSUBISHI
4949,PAYNE RIO GRANDE CITY FORD LLC,PAYNE RIO GRANDE CITY FORD
4951,PAYNE EDINBURG LLC,PAYNE EDINBURG CHRYSLER DODGE JEEP RAM
4952,PAYNE BROWNSVILLE INC.,PAYNE PREOWNED HARLINGEN
4953,WESLACO MOTORS LLC,PAYNE PREOWNED WESLACO
4954,PAYNE IMPORTS LLC,PAYNE PREOWNED MCCOLL
4955,PAYNE IMPORTS LLC,PAYNE PREOWNED MCALLEN
4956,PAYNE IMPORTS LLC,PAYNE PREOWNED EDINBURG
4957,MCGRAW-WEBB CHEVROLET INC.,
4958,STEELE HYUNDAI KYLE,
4959,VOLKSWAGEN OF WACO,
4960,STEELE SOUTH LOOP HYUNDAI,
4961,STEELE HYUNDAI NEW BRAUNFELS,
4968,KEN NELSON AUTO PLAZA,KEN NELSON TOYOTA
4969,KEN NELSON AUTO PLAZA INC.,KEN NELSON CHEVROLET BUICK & GMC
4971,KEN NELSON AUTO PLAZA INC.,KEN NELSON NISSAN
4972,RANDALL NOE HYUNDAI L.P.,GENESIS OF LONGVIEW
4973,RAN3,
4974,HYUN6,
4975,BULT MOTORS INC.,PEARL CHRYSLER JEEP DODGE RAM
4976,WAPAK FORD LLC,BRADEN FORD
4977,CHILLICOTHE TRUCKS INC.,CHILLICOTHE TRUCK AND ACCESSORIES
4978,GOAT CUSTOMS INC.,
4979,BRADEN AUTO OF GALLIPOLIS LLC,BRADEN CHRYSLER DODGE JEEP RAM
4980,MANSFIELD TRUCK LLC,HOCKING VALLEY MOTORS
4982,BUCKEYE AUTO SALES LLC,FAIRFIELD TRUCKS
4983,PURE COUNTRY AUTOMOTIVE LLC,PURE COUNTRY FORD
4984,PURE COUNTRY AUTOMOTIVE LLC,PURE COUNTRY AUTOMOTIVE
4985,BRADEN AUTO OF GRAYSON I LLC,PURE COUNTRY CHEVROLET
4987,Amber Solutions ,
4988,Stewarts Montego Bay ,
4990,BEECHMONT MOTORS V INC,VOLVO CARS CINCINNATI
4991,PALLOTTA FORD INC.,PALLOTTA FORD
4993,ROCK COUNTY AUTO COMPANY,ROCK COUNTY HONDA
4994,ROR INVESTMENTS INC.,ADVANTAGE AUTO DIRECT
4995,STEWART'S AUTO SALES,STEWART'S SUZUKI
4996,BORDER CHEVROLET GMC LLC,
4997,CDC AUTOMOTIVE INC.,EL CAJON MITSUBISHI
4998,SWANT BROS. INC.,SWANT GRABER MOTORS
4999,OUR FAMILY 1 LLC,SWANT GRABER FORD
5100,7807015 CANADA INC,OTTAWA CAMPING TRAILERS
5104,2615497 ONTARIO LIMITED,CAMBRIDGE KIA
5105,2616014 ONTARIO INC.,QUINTE RV CENTRE
5106,CARLETON PLACE FORD INC,
5108,ROBINSON CHEVROLET INC.,
5109,2614993 ONTARIO INC,BIG COUNTRY RV CENTRE
5110,772289 ONTARIO LTD. DBA NORTHERN NISSAN,NORTHERN NISSAN
5112,JIM GARDHOUSE MOTORS LTD,OWEN SOUND CHRYSLER DODGE JEEP RAM
5113,MAZZUCA CHRYSLER INC.,
5116,JANEX AUTO SALES LTD.,
5117,1310104 ONTARIO INC.,HAWKESBURY HYUNDAI
5118,MAXIMUM POWERSPORTS,
5119,DRIVE PRE-OWNED SALES,
5120,ROBINSON CHRYSLER DODGE JEEP RAM LTD.,
5121,2079608 ONTARIO INC.,WOODSTOCK FORD
5122,ROBINSON RV CENTRE INC.,
5123,QUICK LANE TIRE AND AUTO CENTRE,
5124,BOURGEOIS MIDLAND NISS INC.,BOURGEOIS MIDLAND NISSAN
5127,ARNPRIOR CHRYSLER BODY SHOP,
5129,MEADOWVALE FORD SALES & SERVICE LIMITED,
5130,KINGSTON DODGE CHRYSLER (1980) LTD,
5131,OVERDRIVE MOTORS INC,
5132,DRIVING FORCE INC,PARAMOUNT TRUCK SALES
5133,HUNT CHRYSLER LTD.,
5134,BOYER FORD LINCOLN (BOBCAYGEON) LTD,
5135,7890715 CANADA INC.,THE RV SPOT
5136,2686874 ONTARIO LIMITED,BARRIE KIA
5137,COBOURG NISSAN LTD.,
5138,2668868 ONTARIO LTD.,CLARINGTON NISSAN
5139,805658 ONTARIO INC.,HALTON HONDA
5140,HALTON AUTOLEASE INC.,
5141,AJ BELLIM HOLDING,
5142,1040492 ONTARIO INC.,NEDDY'S NORTH BAY HYUNDAI
5143,2586397,CARHUB LUXURY
5144,401 AUTO RV CANADA INC.,
5145,HALTON REAL HOLDINGS INC.,
5146,NEDDYS AUTO CARE LIMITED,
5147,CHIASSON FORD LTD.,CHIASSON FORD
5148,HOLIDAY FORD LINCOLN LTD.,
5149,2690649 ONTARIO LIMITED,SIMCOE VOLKSWAGEN
5150,KINGSTON MAZDA,
5151,RVS UNLIMITED,
5153,WAYNE PITMAN FORD SALES INC.,
5154,1076634 ONTARIO INC.,YORKDALE TOYOTA
5155,TONY GRAHAM AUTOEDGE LTD,
5156,AADA LEASING,
5158,10167511 MANITOBA LTD,KENORA HYUNDAI
5159,401 AUTO RV CANADA INC.,
5160,SAVAGE FORD SALES LIMITED,
5161,CARS ON ALLOY LTD.,MAROSTICA SUBARU
5162,THUNDER BAY USED CAR SUPERSTORE LTD.,
5163,2022815 ONTARIO INC.,BAY MAZDA
5164,JIM KEAY FORD LINCOLN SALES LTD.,
5165,2002112 ONTARIO INC.,BOYER KIA
5166,BELLEVILLE NISSAN LTD.,
5167,DUPUIS FORD LINCOLN,DUPUIS FORD LINCOLN
5168,C.Y. VEHICLE ENTERPRISES INC.,SCARBOROUGH MITSUBISHI
5169,C.Y. VEHICLE ENTERPRISES INC.,WESTON FORD
5170,C.Y. VEHICLE ENTERPRISES INC.,COVENTRY NORTH JAGUAR LANDROVER
5171,C.Y. VEHICLE ENTERPRISES INC.,MID TORONTO AUTO SALES
5172,PICKERING CHRYSLER DODGE JEEP LTD.,
5173,C.Y. VEHICLE ENTERPRISES INC.,FORMULA FORD LINCOLN SALES
5174,2167659 ONTARIO INC.,ORLEANS CAR WASH
5175,C.Y. VEHICLE ENTERPRISES INC.,YORKDALE FORD LINCOLN SALES
5176,2724367 ONTARIO LIMITED,ONTARIO AUTO OUTLET
5177,1741177 ONTARIO INC. ,CHATHAM MAZDA
5178,CHATHAM CHRYSLER JEEP DODGE INC.,
5179,HEUVELMANS CHEVROLET BUICK GMC CADILLAC LIMITED,
5181,PAUL PRICE FORD SALES INC.,
5182,CHATHAM NISSAN LTD,
5183,BLENHEIM CHEVROLET BUICK GMC LIMITED,
5184,LALLY CHEVROLET LTD.,
5185,CARLETON PLACE CARLOFT,
5186,IAG INC.,
5187,2493191 ONTARIO INC.,NEW ROADS CHRYSLER DODGE JEEP RAM
5188,LAKING MOTORS INC.,LAKING TOYOTA
5189,2721356 ONTARIO LTD,YOUR AUTO LEASE
5191,2736094 ONTARIO INC,THE RV PLACE
5192,,
5194,WILLIAMSON LINDSAY CHRYSLER DODGE JEEP RAM LTD.,
5195,S & B KESWICK MOTORS LIMITED,
5196,ORILLIA MOTOR SPORTS LIMITED,ORILLIA MOTOR SPORTS
5197,2226015 ONTARIO INC.,ORILLIA HYUNDAI
5198,2413220 ONTARIO INC.,CAMBRIDGE MITSUBISHI
5199,2435927 ONTARIO INC,MOUNTAIN MITSUBISHI
5200,953866 ONTARIO LIMITED,NEWMARKET HYUNDAI
5201,WILLIAMSON REALTY (LINDSAY) LTD.,
5202,LISTOWEL CHRYSLER DODGE JEEP RAM,
5203,BOURGEOIS FORD NORTH INC,
5204,MACIVER DODGE LIMITED,
5205,MUSKOKANISS INC,MUSKOKA NISSAN
5206,MOFFATT'S ENTERPRISES (2012) INC ,MOFFATT'S MAZDA
5208,AIRPORT NISSAN CORP ,AIRPORT NISSAN
5209,PINE VIEW AUTO SALES BRAMPTON INC.,PINE VIEW WEST HYUNDAI
5210,PINE VIEW AUTO SALES INC,PINE VIEW HYUNDAI
5211,1999497 ONTARIO INC. ,SCARBORO MAZDA
5212,2464403 ONTARIO LIMITED,BARRIE SUBARU
5213,2335997 ONTARIO INC.,SHOP EDDIES
5214,924891 ONTARIO INC.,
5215,BAIDEN PROPERTY HOLDING LIMITED,
5216,LEGGAT CHEVROLET CADILLAC BUICK GMC LIMITED,
5217,TRIUS AUTOMOBILE INC. ,ACURA ON BRANT
5218,FOUR WAYS INC.,ANCASTER TOYOTA
5219,2095008 ONTARIO INC.,TEAM HONDA POWERHOUSE OF MILTON
5220,PENINSULA MOTOR SALES LIMITED,PENINSULA FORD LINCOLN
5221,LEGGAT MOUNTAIN MOTORS INC.,MAZDA OF HAMILTON
5223,TAGGEL AUTOMOBILE INC.,LEGGAT MAZDA BURLINGTON
5224,LSL HOLDINGS (1998) INC.,LEGGAT KIA BURLINGTON
5225,LEGGAT DISCOVERY MOTORS INC.,LEGGAT DISCOVERY FORD
5226,WEINS CANADA INC.,WEINS CANADA CORPORATE
5227,WEINS CANADA INC.,DON VALLEY NORTH TOYOTA
5228,WEINS CANADA INC.,MARKVILLE TOYOTA
5229,2729649 ONTARIO INC.,THORNHILL TOYOTA
5230,WEINS CANADA INC.,DON VALLEY NORTH LEXUS
5231,WEINS CANADA INC.,LEXUS OF RICHMOND HILL
5232,2350035 ONTARIO INC.,DON VALLEY NORTH HYUNDAI
5233,2639515 ONTARIO INC.  ,WHITBY SUBARU
5234,2547451 ONTARIO INC. ,MISSISSAUGA HONDA
5235,2585693 ONTARIO INC,PARKWAY HONDA
5236,WEINS CANADA INC,WEINS AUTO GROUP (WHOLESALE)
5237,WEINS CANADA INC.,WEINS COLLISION REPAIR CENTRE
5238,WEINS CANADA INC.,GORMLEY AUTOMOTIVE CENTRE
5239,OAKVILLE VOLKSWAGEN INC.,OAKVILLE VOLKSWAGEN
5240,OAKVILLE VOLKSWAGEN INC.,AUDI OAKVILLE 
5241,No Dealer Information,
5243,5039444 ONTARIO INC.,PEMBROKE NISSAN
5244,5039453 ONTARIO INC.,PEMBROKE HONDA
5245,1124006 ONTARIO INC.,ORILLIA MAZDA
5247,MAR OAK AUTOMOTIVE INC.,VOLVO CARS OAKVILLE
5248,MAR-HAM AUTOMOTIVE INC.,VOLVO CARS HAMILTON
5249,1000 ISLANDS RV CENTRE INC.,
5250,2795654 ONTARIO INC.,RV SAFARI
5251,2801788 ONTARIO LTD,JOHNSON'S RV AND AUTO
5252,BOURGEOIS MIDLAND HYN INC.,BOURGEOIS MIDLAND HYUNDAI
5253,BELLEVILLE MITSUBISHI,
5254,WEINS CANADA LEASING,
5255,1991943 ONTARIO INC,ST. CATHARINES NISSAN
5256,2194747 ONTARIO INC. ,STOUFFVILLE TOYOTA
5257,TONY GRAHAM MOTORS (1980) LIMITED,TONY GRAHAM TOYOTA
5258,TONY GRAHAM KANATA LIMITED,TONY GRAHAM KANATA TOYOTA
5259,TONY GRAHAM LUXURY AUTOMOBILES,TONY GRAHAM LEXUS
5260,1028918 ONTARIO INC. ,BURLINGTON TOYOTA
5261,BURLINGTON-FAIRVIEW NISSAN LTD.,BURLINGTON NISSAN
5262,BARRIE HONDA POWERHOUSE,
5263,PARADIGM AUTOMOTIVE CORPORATION,PARADIGM FLEET SERVICES
5264,HART HENTSCHEL INC.,AUTO HOUSE HONDA
5265,DAN BRUSH INC.,AUTO HOUSE MAZDA
5266,HOGAN CHEVROLET BUICK GMC LTD,
5267,JP MOTORS SALES INC,
5269,401 AUTO RV CANADA INC,AUTO SHOW SALES & FINANCE
5270,401 AUTO RV CANADA - MAIN,
5271,ALEX WILLIAMSON MOTOR SALES LIMITED,WILLIAMSON GM UXBRIDGE
5272,2663885 ONTARIO INC.,
5273,STEWART VEHICLE LEASING LTD,KIA OF TIMMINS
5274,BRIAN CULLEN MOTORS LTD.,
5275,15136000 ONTARIO LTD.,TABANGI MOTORS
5276,FALLS CHEVROLET CADILLAC BUICK GMC LTD.,
5278,2780816 ONTARIO LIMITED,STREETSVILLE HYUNDAI
5279,1513600 ONTARIO LTD,AUTO FINANCE TEAM
5280,1341805 ONTARIO INC.,MILTON TOYOTA
5281,,
5282,1772524 ONTARIO LIMITED,MILTON HYUNDAI
5283,GORRUDS LIMITED,GORRUDS PRE OWNED
5286,RVM INC,ROUGE VALLEY MITSUBISHI
5287,WOODBINE PRESTIGE AUTO INC.,WOODBINE NISSAN
5288,2507246 ONTARIO INC.,OAKVILLE INFINITI
5289,1988238 ONTARIO INC.,OAKVILLE NISSAN
5290,PENINSULA FORD - PORT ELGIN,
5292,NORTHERN FORD SALES LIMITED,
5293,POWERHOUSE OF MILTON,
5294,LEGGAT NATIONAL LEASING DIV OF LEGGAT CHEV CADILLAC BUICK GMC LIMITED,
5295,EAGLE NORTH HOLDINGS INC.,CAMBRIDGE TOYOTA
5296,DONNELLY FORD LINCOLN LTD.,
5297,1496333 ONTARIO INC.,DONNELLY KIA
5298,HUNT CLUB AUTOMOTIVE LTD.,DONNELLY MITSUBISHI
5300,1638264 ONTARIO INC.,SIGNATURE CARS
5301,ROBINSON CHEVROLET BUICK GMC SIMCOE INC.,
5302,LOUIS ALAN LIMITED,CUSTOMCARTS.CA
5303,,
5304,MILLS MOTORS BUICK GMC LIMITED,MILLS MOTORS BUICK GMC
5305,HALIBURTON CHRYSLER DODGE JEEP RAM LTD,
5306,HEASLIP FORD SALES LTD.,
5307,1000176290 ONTARIO INC.,HYUNDAI OF CHATHAM
5308,WOODS AUTOMOTIVE GROUP INC.,WINDSOR HYUNDAI
5310,DONNELLY FORD LINCOLN LTD.,
5311,LOUIS ALAN LIMITED,CUSTOMCARTS.CA GANANOQUE
5312,LOUIS ALAN LIMITED,CUSTOMCARTS.CA CARLETON PLACE
5313,LOUIS ALAN LIMITED,CUSTOMCARTS.CA QUINTE'S ISLE
5314,WILLIAMSON UXBRIDGE REAL ESTATE HOLDINGS LIMITED (PREFIX 6),
5315,ONE BANFF ROAD GP (PREFIX 7) ,
5316,2783568 Ontario Inc.,
5317,SIGNATURE CARS INC.,
5318,982874 Ontario Ltd.,Genesis Mississauga
5320,1382763 ONTARIO INC.,KINGSTON KIA
5321,2350035 ONTARIO INC.,GENESIS MARKHAM
5322,MYERS HUNT CLUB VDUB INC,
5323,13258475 CANADA INC.,GRAND RIVER BOATS
5324,DONNELLY AUTOMOTIVE MANAGEMENT INC.,W
5325,TRIDAN DEVELOPMENTS LIMITED,T
5326,EDK DONNELLY HOLDINGS INC,A
5327,D & C MCKENNA HOLDINGS INC,C
5328,2490626 ONTARIO INC,B
5329,FREEDOM RV CENTER INC,FREEDOM RV
5330,ROADSPORT CHATHAM INC.,CHATHAM HONDA
5331,HING LEE MOTORS LIMITED,DOWNTOWN SUBARU
5332,PAULTOM MOTORS LIMITED,KITCHENER HONDA
5333,LALLO MOTORS LIMITED,LALLO MAZDA
5335,ROADSPORT LIMTED,ROADSPORT HONDA
5336,GENESIS YORKDALE ,
5337,WOODBINE CAR CORP.,WOODBINE TOYOTA
5338,4384741 CANADA INC.,MEADOWVALE TOYOTA
5339,4247728 CANADA INC.,DIXIE TOYOTA
5340,4247744 CANADA INC.,IDEAL HONDA
5341,1000186964 ONTARIO INC.,MISSISSAUGA KIA
5343,MUDFORD AUTOMOTIVE INC.,SIMCOE TOYOTA
5344,1000090553 ONTARIO INC.,ST. THOMAS NISSAN
5345,1017444 ONTARIO LTD.,CARMAX HYUNDAI
5346,EAGLE NORTH LEASING INC.,
5347,SARNIA FINE CARS 2019 INC.,BMW SARNIA
5348,500162 ONTARIO LTD.,SARNIA VOLKSWAGEN
5349,Trailer Pro Canada Inc (North Gower),
5350,Trailer Pro Canada Inc (Napanee),
5352,Trailer Pro Canada Inc (Gananoque),
5353,1513600 ONTARIO LTD.,TABANGI MOTORS KITCHENER
5354,DUFFIELD AUTOMOTIVE GROUP LTD.,BMW LONDON
5355,HING LEE SERVICE CENTER LIMITED,
5356,PORT WHITBY VILLAGE INC.,RICHMOND HILL CHRYSLER DODGE JEEP RAM
5358,RIVERSIDE CHRYSLER DODGE JEEP RAM LTD.,
5359,SAUNDERS AUTOMOTIVE LIMITED,STRATFORD HYUNDAI
5360,MIKE YAREK DODGE CHRYSLER LIMITED,
5362,942599 ONTARIO LIMITED,GEORGETOWN HONDA
5363,MILTON NISSAN INC.,
5365,HERITAGE FORD SALES LIMITED,
5366,EICHENBERG MOTORS (1971) LTD.,EICHENBERG CHRYSLER
5367,WELLAND AUTO LTD.,WELLAND TOYOTA
5368,EICHENBERG MOTORS (1971) LTD.,BACK COUNTRY 4X4
5369,KIESWETTER MOTORS INC.,KIESWETTER MAZDA
5370,STUART BUDD & SONS LTD.,BUDDS' IMPORTED CARS
5371,STUART BUDD & SONS LTD.,BUDDS' BMW MINI MOTORRAD OAKVILLE
5372,STUART BUDD & SONS LTD.,BUDDS' SUBARU OAKVILLE
5373,BUDDS' HAMILTON LIMITED,BUDDS' BMW HAMILTON
5374,BUDDS' OAKVILLE LIMITED,BUDDS' CHEVROLET CADILLAC BUICK GMC
5375,BUDDS' MOTORS INC.,BUDDS' MAZDA OAKVILLE 
5376,BUDDS' IMPORTED CARS COLLISION SERVICES LTD.,
5377,BUDDS' DIRECT COLLISION LTD.,
5378,CRE OAKVILLE LTD.,
5379,RELIABLE MOTORS (1992) LIMITED,RELIABLE FORD
5380,BLUE STAR FORD LINCOLN SALES LTD.,
5381,2099482 ONTARIO LIMITED,SOUTHCOAST HYUNDAI
5385,1000127301 ONTARIO INC.,BELLEVILLE VOLKSWAGEN
5386,2525456 ONTARIO INC.,BAY SUBARU
5387,PETER BOYER CHEVROLET BUICK GMC LTD.,
5388,BOYER CHEVROLET BUICK GMC (AJAX) LTD.,
5389,BOYER CHEVROLET BUICK GMC (BANCROFT) LTD.,
5390,BOYER CHEVROLET (LINDSAY) LTD.,
5391,MICHAEL BOYER CHEVROLET CADILLAC BUICK GMC LTD.,
5392,BOYER CHRYSLER DODGE JEEP RAM LTD.,
5393,2714447 ONTARIO INC.,BOYER HYUNDAI
5394,LEGGAT COLLINGWOOD MOTORS INC.,BLUE MOUNTAIN HONDA
5395,NORTH BAY PALLADINO MOTORS INC,SUBARU OF NORTH BAY
5396,BUDDS' BMW MINI OAKVILLE,
5397,BUDDS' BMW MOTORRAD OAKVILLE,
5398,WENDELL MOTOR SALES LTD.,WENDELL MOTORS CHRYSLER JEEP DODGE RAM
5399,5039456 ONTARIO INC.,PETERBOROUGH HYUNDAI
5400,MERIDIAN R.V. MFG. LTD.,MERIDIAN RV
5401,BCRV SALES 2022 LTD.,BC RV SALES
5402,SMP-RV LTD,SMP-RV
5403,VERSATILE LEASING (2021) INCORPORATED,
5404,TERRACE CHRYSLER LTD.,
5405,1308417 B.C. LTD.,TERRACE TOYOTA
5406,SMITHERS MOTORS INC.,SMITHERS TOYOTA
5407,1868441 ALBERTA LTD.,NANAIMO MITSUBISHI
5408,Carson Auto Credit,
5409,1202995 BC LTD,GENESIS VICTORIA
5410,0917068 BC LTD,GENESIS KELOWNA
5411,TERRACE MOTORS LTD,
5412,TITANIUM VENTURES LTD.,TITANIUM FORD
5415,MERIDIAN R.V. MFG. LTD.,MERIDIAN RV
5417,Kokanee RV Sales (a div of Runners RV),
5418,WILLOWBROOK MOTORS LTD.,WILLOWBROOK PERFORMANCE
5419,FLEXCAR AUTO GROUP LTD.,
5421,0731534 BC LIMITED,SUKHI BATH MOTORS TRUCK CENTRE
5424,SECA MARINE INC.,OLYMPIC MARINE & RECREATION - LAKE COUNTRY
5426,DOCKSIDE MARINE CENTRE LTD.,
5427,VERNON TITANIUM AUTOGROUP LTD.,VERNON NISSAN
5428,0976736 BC LTD.,SURREY MITSUBISHI
5429,SULLIVAN MOTOR PRODUCTS - NELSON LTD,NELSON CHRYSLER
5430,PACIFIC NATIONS AUTO SALES AND FINANCE LTD.,
5431,BANNISTER FORD PENTICTON,
5432,OLYMPIC MOTORS (WC) VIII CORPORATION,OLYMPIC MARINE & RECREATION - ABBOTSFORD
5433,E277 Holdings Inc.,Northern Auto Finance
5434,CARTER CHEVROLET CADILLAC BUICK GMC NORTHSHORE LTD.,CARTER GM NORTHSHORE
5435,CARTER MOTOR CARS LTD,CARTER HONDA
5436,CARTER CHEVROLET CADILLAC BUICK GMC BURNABY LTD.,CARTER GM BURNABY
5437,CARTER MOTOR CARS LTD.,CARTER MOTORSPORTS
5438,HOWARD CARTER LEASE LTD.,
5439,GRAEMOND HOLDINGS LTD.,NANAIMO HONDA CARS
5440,1035488 BC LTD.,AUGUST CUSTOMS
5441,PACIFIC NATIONS DIVISION 2,
5442,2437342 ALBERTA LTD.,SQUAMISH CHRYSLER DODGE JEEP RAM
5443,SKAHA TRUCK RENTALS,
5444,COAST NORTH VANCOUVER AUTO SALES INC. ,
5445,MASSULLO MOTORS LIMITED,
5446,1354193 BC LTD.,WEISSACH WHOLESALE
5447,1100238 BC LTD,WEISSACH LIMITED PARTNERSHIP
5448,1868441 ALBERTA LTD.,VI DRIVES
5452,1427471 B.C. LTD.,WEISSACH INEOS GRENADIER
5454,1443908 B.C. LTD.,
5455,Legacy Island Leasing Ltd.,
5456,Kemlee Equipment Ltd,
5457,Victoria Ford Alliance Ltd.,CAG Group Auto Centre
5458,1238955 BC LTD.,SQUAMISH MOTORSPORTS MARINE & RV
5459,Kokanee,
5460,SIGNATURE AUTOMOTIVE GROUP LTD.,SIGNATURE MAZDA
5461,HARRIS OCEANSIDE CHEVROLET BUICK GMC LTD.,
5462,1302164 BC LTD.,PENTICTON HONDA
5463,1302190 BC LTD.,PENTICTON HYUNDAI
5464,PANTHER MOTORCARS LTD.,ABBOTSFORD MAZDA
5465,2335343 ALBERTA LTD.,ABBOTSFORD AUTOBAHN
5466,ALBERTA AUTO HOUSE INC.,GRANDE CACHE AUTOBAHN
5467,VICTORIA AUTOBAHN,
5468,KELOWNA TRUCK & RV LTD.,KELOWNA RV
5469,ROLLIN' ISLAND AUTOS LTD.,
5470,WHEATON PONTIAC BUICK GMC (NANAIMO) LTD.,LAIRD WHEATON CHEVROLET
5471,BANNISTER DCJR ENTERPRISES CHILLIWACK LTD,BANNISTER CHRYSLER CHILLIWACK
5472,MALIBU MOTORS (1995) LTD.,
5473,M & S TRUCK CENTRE LTD,
5474,WESTVIEW FORD SALES LTD.,
5475,WESTVIEW FORD SALES LTD.,
5476,1262113 B.C. LTD,WESTERN SPORT PRODUCTS
5480,BANNISTER CHEVROLET PENTICTON LTD.,
5481,BANNISTER VENTURES PENTICTON LTD.,BANNISTER KIA PENTICTON
5482,BANNISTER CHEVROLET BUICK GMC VERNON INC,
5483,0940231 BC LTD.,BANNISTER HONDA VERNON
5484,SALMON ARM CHEVROLET BUICK GMC LTD.,SALMON ARM GM
5487,BANNISTER CHEVROLET BUICK GMC DAWSON CREEK LTD.,
5488,BANNISTER FORD LTD.,BANNISTER FORD DAWSON CREEK
5493,BANNISTER CHEVROLET BUICK GMC LTD.,BANNISTER CHEVROLET EDSON
5496,OLYMPIC MOTORS (WC) IX CORPORATION,VANCOUVER HYUNDAI
5497,1493004 BC LTD,KELOWNA MAZDA
5499,1502082 BC LTD,OKANAGAN CHRYSLER DODGE JEEP RAM
5500,5039442 ONTARIO INC.,PEMBROKE CHRYSLER
5501,5039443 ONTARIO INC.,RENFREW CHRYSLER
5502,5039458 ONTARIO INC.,PETERBOROUGH SUBARU
5504,2234105 ONTARIO INC.,NAWAB MOTORS
5505,ROYAL CHRYSLER DODGE JEEP RAM,
5506,BUPONT MOTORS INC.,TIMMINS NISSAN
5507,2132046 ONTARIO INC.,AUTO LOAN SERVICES
5508,2274802 ONTARIO INC,ENDLESS ROADS RV AND MARINE CENTRE
5509,STURGEON FALLS CHRYSLER DODGE RAM JEEP INC.,
5510,KINCARDINE CHRYSLER DODGE JEEP RAM,
5511,Stuart Budd & Sons Ltd.,Budds' Detail Division
5512,HAN VWN AUTO INC.,EASTHILL VOLKSWAGEN
5513,STM BG AUTO INC.,ST. MARYS BUICK GMC
5514,STFD SUB AUTO INC.,STRATFORD SUBARU
5515,HAN HON AUTO INC.,HANOVER HONDA
5517,LORNE AUTO INC.,CARGO AUTO
5518,KIESWETTER MOTORS INC.,CARSTAR KITCHENER KING STREET (KIESWETTER)
5519,PERFORMANCE MOTORS (OTTAWA) INC.,PERFORMANCE MAZDA
5520,JIB AUTOMOTIVE LTD.,JAMES TOYOTA
5521,QUICK LANE WATERFORD,
5522,BARRHAVEN FORD INC.,
5523,D'ALESSANDRO INVESTMENTS LIMITED,HONDA QUEENSWAY
5524,D'ALESSANDRO INVESTMENTS LTD.,MARINO'S FINE CARS SUBARU
5525,D'ALESSANDRO INVESTMENTS LTD.,JAGUAR LAND ROVER METRO WEST
5526,D'ALESSANDRO INVESTMENTS LTD.,VOLVO CARS METRO WEST
5527,BADANAI MOTORS LTD.,
5529,CLAYTON AUTOMOTIVE GROUP INC.,CLARINGTON HONDA
5530,547121 ONTARIO LIMITED,MUSKOKA CHRYSLER SALES
5531,CLAYTON AUTOMOTIVE GROUP INC.,CLARINGTON HONDA POWERHOUSE
5532,10000247980 INTARIO INC.,SUBARU OF SARNIA
5533,JOHNS CORPORATION,SARNIA HYUNDAI
5534,DINGWALL FORD SALES LTD.,DINGWALL FORD KENORA
5535,1311058 ONTARIO INC.,BAYVIEW TOYOTA
5536,WOODLAKE MARINE LTD.,
5537,HEFFNER MOTORS LIMITED,HEFFNER TOYOTA
5538,HEFFNER MOTORS LIMITED,HEFFNER LEXUS
5540,1579341 ONTARIO LTD.,HIGH PARK NISSAN
5541,2257638 ONTARIO INC.,HAMBURG HONDA
5542,WILLOWDALE NISSAN LTD.,INFINITI OF WILLOWDALE
5543,WILLOWDALE NISSAN LTD.,
5544,2348347 ONTARIO INC.,WELLAND HONDA
5545,HENLEY MOTORS LIMITED,HENLEY HONDA
5546,2345824 ONTARIO INC.,SUBARU OF NIAGARA
5547,PIRATE COVE MARINA INC,
5548,900917 ONTARIO LIMITED,LONDON'S AIRPORT HYUNDAI
5549,2217106 ONTARIO LTD.,LONDON'S AIRPORT KIA
5550,NEWAUR OPERATIONS INC.,AURORA TOYOTA
5551,NEWTOY OPERATIONS INC.,NEWMARKET TOYOTA
5552,PARADIGM TRUCK RENTAL INC,PARADIGM TRUCK RENTAL INC
5553,SHARPCAR,
5554,SKYWAY FINE CARS,
5556,1000650075 ONTARIO LIMITED,LINDSAY KIA
5557,ELITE FINE CARS INC.,
5558,1510175 ONTARIO INC.,AIRPORT MAZDA OF TORONTO
5559,KANATA HONDA,
5560,DOW HONDA,
5561,Woodlake Motors,
5562,415177 Ontario Limited,
5563,LOCKHART AUTO MART LTD.,COLLINGWOOD NISSAN
5564,COLLINGWOOD CARS INC.,COLLINGWOOD TOYOTA
5565,KWONGS TRUCK SALES INC.,CONCORD ISUZU TRUCKS
5566,VANDERMEER AUTOMOTIVE LTD.,VANDERMEER TOYOTA
5567,1000642245 ONT INC,NEW LISKEARD CHRYSLER
5568,VANPARK IMPORTED AUTOMOBILES INC.,HAMILTON HYUNDAI
5569,1643123 ONTARIO INC.,BAY KING CHRYSLER JEEP DODGE RAM
5570,LANJAM HOLDINGS INC. ARDUA ENTERPRISES LTD. LJR ENTERPRISES LTD.,EASTGATE FORD SALES & SERVICE (82) CO.
5571,DINGWALL FORD DRYDEN LTD.,
5572,DINGWALL FORD DRYDEN,DINGWALL MOTORS
5573,2547566 ONTARIO INC.,KITCHENER NISSAN
5574,2540860 ONTARIO INC.,WATERLOO NISSAN
5575,CHARIOT MOTORS LTD.,ORANGEVILLE NISSAN
5576,RV Canada Powersports,
5577,JOHN BEAR BUICK GMC LTD.,JOHN BEAR ST. CATHARINES
5578,JOHN BEAR BUICK CHEVROLET GMC LTD.,JOHN BEAR NEW HAMBURG
5579,JOHN BEAR BUICK CHEVROLET GMC CADILLAC LTD.,JOHN BEAR HAMILTON
5580,SCHLUETER MOTORS INC.,GENESIS KITCHENER-WATERLOO
5581,SCHLUETER IMPORTS INC.,SCHLUETER HYUNDAI
5583,2318341 ONTARIO INC.,GYRO HYUNDAI
5584,1522480 ONTARIO INC.,EXPERIENCE NISSAN
5585,GYRO MOTORS LIMITED,GYRO MAZDA
5586,ONTARIO MOTOR SALES LIMITED,
5587,2493021 ONTARIO INC.,CLARINGTON HYUNDAI
5588,2709612 ONTARIO INC.,CLARINGTON KIA
5589,CARLOFT.CA Inc.,CARLOFT.CA
5590,MAC LANG (SUNDRIDGE) LIMITED,
5592,PARKWAY MOTORS HAMILTON LTD.,UPPER JAMES TOYOTA
5593,PARKWAY MOTORS HAMILTON LTD,RED HILL TOYOTA
5594,PARKWAY NISSAN LTD.,PARKWAY NISSAN OF STONEY CREEK
5595,KANATA HONDA POWERSPORTS,
5596,T.R.Y. JACKSON BROTHERS LIMITED,JACKSON'S TOYOTA
5597,1000747586 ONTARIO INC.,VOLKSWAGEN NORTH BAY
5598,KENNEDY FORD SALES,
5599,Robinson London Inc.,Robinson Preowned
5600,RUSSELLE ENTERPRISES INC.,RUSSELLE TOYOTA
5601,LAKEVIEW PLYMOUTH CHRYSLER LIMITED,
5602,2035609 ONTARIO INC.,APEX AUTO ALLIANCE
5603,PAG MOTORS INC.,COBOURG KIA
5604,PLAZA MOTOR CAR,SUBARU OF ORILLIA
5605,2257078 ONTARIO LIMITED,BOLTON KIA
5606,PLAZA MOTORS LIMITED,PLAZA KIA
5607,2548802 ONTARIO LIMITED,ORILLIA KIA
5608,OWASCO INC.,AUDI DURHAM
5609,OWASCO INC.,OWASCO VOLKSWAGEN
5610,OWASCO VW PREOWNED,
5611,PICKERING VOLKSWAGEN INC.,
5612,OWASCO RV CENTRE,
5613,PALLADINO AUTO GROUP,
5614,PALLADINO INVESTMENTS INC.,PALLADINO HONDA
5615,1468658 ONTARIO INC.,PALLADINO MAZDA
5616,2415574 ONTARIO INC.,GOLDEN MILE CHRYSLER DODGE JEEP RAM
5618,ORILLIA MOTORCAR INC,ORILLIA VOLKSWAGEN
5619,1000747945 ONTARIO INC,HYUNDAI OF AURORA
5620,LUXURY OF SUDBURY (S) INC.,PALLADINO SUBARU
5621,1802247 ONTARIO INC,COLLINGWOOD HYUNDAI
5622,4475518 CANADA INC,HAWKESBURY HONDA
5623,718282 ONTARIO INC,STRATFORD HONDA
5624,VILLAGE FORD SALES INC.,
5625,1483815 ONTARIO INC.,DUTTON AUTOMOTIVE & POWERSPORTS
5626,TEAM CHRYSLER JEEP DODGE INC.,
5627,ONTARIO CHRYSLER JEEP DODGE INC.,
5628,BLENHEIM CHRYSLER DODGE JEEP RAM LIMITED,
5629,DRIVEN AUTO GROUP INC.,
5630,ING CBG AUTO INC,INGERSOLL CHEV BUICK GMC
5631,PMHL Holdings Ltd.,
5632,Oskana Limited,
5633,6179584 CANADA LTD.,SEAWAY HYUNDAI
5634,1000918095 ONTARIO INC.,FOREST CITY MAZDA
5635,LEAVENS VOLKSWAGEN INC.,
5636,2803141 ONTARIO LTD.,LEAVENS CHRYSLER DODGE JEEP RAM
5637,2457751 ONTARIO INC.,VOLKSWAGEN CHATHAM
5638,2790945 ONTARIO LTD.,LEAVENS MAZDA
5639,2675921 ONTARIO LTD.,LEAVENS VOLVO CARS LONDON
5640,2790939 ONTARIO LTD.,SUBARU WINDSOR
5642,301503 ONTARIO LIMITED,GEORGE JACKSON TOYOTA
5644,NEWHON OPERATIONS INC.,NEWROADS HONDA
5646,1000927301 ONTARIO INC,WOODSTOCK CHRYSLER DODGE JEEP RAM
5647,KENORA CHRYSLER DODGE JEEP RAM INC.,KENORA CHRYSLER DODGE JEEP RAM INC.
5648,RIVERSIDE FORD SALES LIMITED,BROCKVILLE FORD
5650,OWASCO SPA FOR RV & AUTO,
5651,WHITBY COLLISION AND GLASS,
5652,ALW Holding Corp,
5653,Novus Automotive Ltd.,
5654,2500030 Ontario Inc.,
5655,OWASCO CANADIAN CAR AND CAMPER RENTAL LTD.,
5656,PLVB INC.,
5657,ALB INC.,
5658,1816451 ONTARIO LIMITED,
5659,2335051 ONTARIO LIMITED,
5660,RVCLB INC.,
5661,OWASCO LEASING,
5662,2837836 Ontario Inc.,Durham Harley-Davidson
5665,MOTORLINE AUTO GROUP INC.,
5674,2776588 ONTARIO LIMITED,TRUCKTOWN
5679,2423893 ONTARIO INC,Torq Car Rental
5680,AutoGlass Pro Inc,AutoGlass Pro
5681,Bond Leasing and Finance Ltd,Bond Leasing and Finance Ltd
5684,LALLY MANAGEMENT SERVICES LTD.,
5685,ROADSPORT RFL EXETER INC.,EXETER FORD LINCOLN
5686,CAR CENTRAL INC.,
5687,SAUNDERS MOTORS INC.,WOODSTOCK MAZDA
5689,2553293 ONTARIO INC,SERPA MOTORSPORTS
5695,722927 ONTARIO INC,DICKSON FORD
5696,Autoland Leading Inc,
5700,OLYMPIC MOTORS (WC) V CORPORATION,BOUNDARY HYUNDAI
5701,OLYMPIC MOTORS (WC) VII CORPORATION,OLYMPIC MARINE & RECREATION CHILLIWACK
5702,OLYMPIC MOTORS (WC) I CORPORATION,RICHMOND SUBARU
5703,OLYMPIC MOTORS (WC) IIII CORPORATION,KIA RICHMOND
5704,OLYMPIC MOTORS (WC) IV,KIA VANCOUVER
5705,OLYMPIC MOTORS (WC) V CORPORATION,GENESIS VANCOUVER
5708,BANNISTER DEALER SUPPORT TEAM,
5709,APPLEWOOD MOTORS SURREY INC,APPLEWOOD MAZDA SURREY
5710,ALBERNI CHRYSLER LTD,ALBERNI CHRYSLER DODGE JEEP RAM
5711,ISLAND AUTO ACCESSORIES LTD,ALBERNI TRUCK AND OVERLAND ACCESSORIES
5712,ECHO AUTOMOTIVE INVESTMENTS LTD,ALBERNI TOYOTA
5715,HSA Leasing,
5716,2566971 ALBERTA LTD,RIVER VALLEY FORD
5717,ABBOTSFORD NISSAN LTD,
5907,,
5908,1001102770 ONTARIO LTD,ONTARIO HYUNDAI
5999,WEINS CANADA INC.,WEINS CONNECTION TESTING
6017,KELOWNA KIA,
6039,BILL HOWICH CHRYSLER LTD.,
6044,TOTAL LEASE AND TRUCK SALES LTD.,ELITE AUTO CENTRE
6058,BAYE ENTERPRISES INC. ,RANCHLAND HONDA
6065,FREEWAY IMPORTS LTD.,FREEWAY MAZDA
6068,VERNON CHRYSLER DODGE LTD.,VERNON DODGE JEEP
6071,INLAND AUTO CENTRE LTD.,
6075,Kelowna Motors Ltd.,AUGUST MAZDA
6081,MARRAND AUTO INC.,
6083,FORT CITY CHRYSLER SALES LTD.,
6084,FRASER CITY MOTORS LTD.,LANGLEY CHRYSLER DODGE JEEP
6093,FLEET WING ENTERPRISES LTD.,
6119,JIM SAMPSON MOTORS 1997 LTD.,
6124,DOBSON CHRYSLER DODGE,
6125,AMHERST CHRYSLER (1999) LTD.,
6128,CAPE BRETON HYUNDAI,
6129,CITY CHRYSLER CORNER BROOK,
6137,CLARENVILLE HONDA,
6138,BOUCTOUCHE CHRYSLER DODGE LTD.,
6140,MIRAMICHI KIA,
6141,RICHIBUCTO MOTORS,
6142,KENT MOTORS (BOUCTOUCHE FORD dba Kent Motors),
6143,ATLANTIC KIA,
6147,MACDONALD CHRYSLER,
6149,BUY METRO PREOWNED AUTO SALES LTD.,BUY METRO PREOWNED AUTO SALES
6150,CENTRAL NOVA MOTORS LTD (HYUNDAI),
6153,655643 NB LTD,PORT CITY KIA
6155,CRC RV CENTRE - FREDERICTON,
6156,KELTIC MOTORS,
6158,DOWNEY FORD - St. Stephen,
6159,DOWNEY FORD - Sussex,
6160,DOWNEY SUPREME AUTO,
6162,SUMMERSIDE HYUNDAI,
6163,D ALEX MACDONALD FORD LTD.,
6164,RV CANADA - QUISPAMSIS,
6165,FAIR ISLE FORD (C),
6166,FAIR ISLE FORD (M),
6167,CENTENNIAL AUTO GROUP,CENTENNIAL CHRYSLER JEEP DODGE RAM
6169,CARSON EXPORTS,
6170,GREENWOOD AUTO SALES,
6171,O'Regan's Volkswagen Halifax,
6172,PORT HONDA,
6173,RAMSAY'S HONDA AUTO SALES LIMITED,
6174,ATLANTIC COLLISION CENTRES LIMITED,
6176,CLARKE MOTORS LTD.,CENTENNIAL NISSAN
6177,CLARE DODGE CHRYSLER LIMITED,
6179,DOBSON'S SIGNATURE AUTO,
6180,677835 NB INC,FREDERICTON MITSUBISHI
6181,TRURO NISSAN LIMITED,
6182,HIGHLAND FORD SALES LIMITED,
6183,HIGHLAND NISSAN,
6184,BRIDGEWATER VOLKSWAGEN,
6185,SCOTIA HYUNDAI,
6186,MARSH MOTORS CHRYSLER LIMITED,
6187,TUSKET SALES & SERVICE LTD.,
6188,SUBARU OF MONCTON (STEELE AUTO GROUP),
6189,RACE AUTO GROUP,
6190,LYLE BONGARD'S RV SALES LTD,
6191,STEELE AUTO GROUP LIMITED,
6192,STEELE SUBARU,
6193,STEELE MAZDA,
6194,3039214 Nova Scotia Limited ,STEELE HYUNDAI
6195,STEELE CHRYSLER PLYMOUTH LIMITED,
6196,AUDI HALIFAX (STEELE),
6197,STEELE VOLKSWAGEN LIMITED,
6198,3041518 NOVA SCOTIA LIMITED,STEELE FORD
6199,STEELE COLLISION CENTER - HALIFAX,
6201,WEYBURN CHRYSLER DODGE JEEP RAM LTD.,WEYBURN CHRYSLER DODGE JEEP RAM 
6202,DRIVING CHANGE AUTOMOTIVE GROUP LTD.,
6206,RIVERSIDE DODGE CHRYSLER JEEP,
6207,WESTERN DODGE CHRYSLER JEEP,
6212,101068197 SASKATCHEWAN LTD.,DIAMOND CHRYSLER DODGE JEEP RAM
6216,REGIER HONDA,
6218,L. H. BRADLEY & SON LTD.,
6225,NABER FORD SALES LTD.,NABER POWERSPORTS DIVISION
6229,ULMER CHEVROLET,
6230,Eagle Creek Motor Products Ltd.,
6231,UNITY MOTOR PRODUCTS LTD,
6236,POWER DODGE LTD.,
6237,YORKTON DODGE,
6245,MELVILLE CHEVROLET BUICK GMC,
6246,FAST TOYS FOR BOYS LTD. ,
6248,REDLINE CHRYSLER DODGE RAM,
6250,WHEAT COUNTRY MOTORS,
6253,WESTERN TRUCK CENTRE,
6254,TWO WAY SERVICE,
6255,ESTEVAN MOTORS LTD.,
6256,PINERIDGE FORD SALES LTD.,
6257,Legend Holdings Ltd.,DriveNation Saskatoon
6258,DRIVENATION REGINA A DIVISION OF FFUN MOTOR GROUP,DRIVENATION REGINA
6259,DRIVENATION PRINCE ALBERT A DIVISION OF FFUN MOTOR GROUP,DRIVENATION PRINCE ALBERT
6260,M AUTO GROUP MOOSE JAW LTD.,MURRAY GM MOOSE JAW
6261,HUGE RICKY HOLDINGS,LAKELAND HYUNDAI
6262,1980026 ALBERTA LTD,LLOYDMINSTER HYUNDAI
6263,Reid Motors Ltd.,Reid Motors Ltd.
6264,NABER LEASING & RENTALS LTD,NABER LEASING & RENTALS LTD
6265,Service Retention Systems,Service Retention Systems
6266,RIPLEY FORD,
6267,ANDERSON MOTORS LTD.,
6268,EVERGREEN NISSAN LTD.,
6270,SENCHUK FORD SALES LTD.,
6271,INDIAN HEAD CHRYSLER DODGE JEEP RAM,
6274,MOOSE JAW FORD SALES (2018) LTD.,
6275,PRAIRIE AUTO SALES (2018) LTD,
6276,LEGEND HOLDINGS LTD,FFUN CARS
6277,MERLIN FL SALES LTD.,MERLIN FORD LINCOLN
6278,CANADA WEST RV,
6279,MIDCAN,
6280,MEADOW LAKE CHRYSLER DODGE JEEP RAM LTD,
6281,BENNETT DUNLOP FORD SALES (1993) LTD.,
6282,BDF INVESTMENTS,
6283,BENNETT DUNLOP OUTLET,
6284,LAKELAND FORD SALES 2009 LIMITED,
6286,M. AUTO GROUP ESTEVAN LTD,MURRAY GM ESTEVAN
6287,NU LINE AUTO SALES & SERVICE INC.,
6288,JUBILEE FORD SALES (1983) LTD,
6289,SASKATOON MITSUBISHI LTD.,
6290,102067679 SASKATCHEWAN LTD,NORTH BATTLEFORD HYUNDAI
6292,DISCOVERY FORD SALES LTD.,DISCOVERY FORD SALES HUMBOLDT
6293,NOVLAN BROS. SALES PARTNERSHIP ,
6294,NOVLAN BROS. SALES PARTNERSHIP (LLOYDMINSTER),
6295,NOVLAN BROS. SALES PARTNERSHIP (NORTH BATTLEFORD),
6296,NOVLAN BROS. SALES PARTNERSHIP (PARADISE HILL),
6297,NOVLAN BROS SALES PARTNERSHIP (LLOYDMINSTER) HUB,
6298,MOBIL 1,
6299,MOBIL 1,
6318,J.J. STEWART MOTORS LTD.,
6319,417 AUTOMOTIVE IMPORTS INC.,THE CAR CLUB AND AUTOS ONLINE
6320,SAFETYNET AUTOMOTIVE FINANCE,
6321,LEISURE MART AND RV CANADA CORPORATION,RV CANADA POWERSPORTS - PRINCE OF WALES
6322,VANCE MOTORS LIMITED,
6332,BUD RIER CHEVROLET LTD.,
6338,BAYVIEW AUTO SALES LTD.,
6342,PETERBOROUGH CHRYSLER PLYMOUTH LTD.,
6343,CAMPBELLFORD CHRYSLER LTD.,
6344,PETERBOROUGH MITSUBISHI,
6347,KIA SUDBURY MOTORS,
6348,NORTH BAY CHRYSLER DODGE JEEP RAM LTD.,
6353,WEST CITY MOTORS (BELLEVILLE) LIMITED,
6359,TRANS-CANADA CHRYSLER,
6362,OWEN SOUND HYUNDAI,
6364,OWEN SOUND SUBARU,
6367,TORONTO HYUNDAI,
6368,HYUNDAI OF OAKVILLE,
6369,1445606 ONTARIO INC.,OWEN SOUND KIA
6373,ALLROADS DODGE CHRYSLER JEEP LIMITED,
6382,PATTERSON CHRYSLER JEEP,
6383,WINDSOR HONDA,
6384,GOODWILLS USED CARS,
6385,WILLIAM MCKEOWN MOTOR SALES LIMITED,MCKEOWN CHRYSLER DODGE JEEP RAM
6392,SUBARU OF MISSISSAUGA,
6396,Airport Kia ,
6398,ALLOY COLLISION CENTRE,
6399,STANDARD IMPORTS LTD.,STANDARD NISSAN
6406,CAMPBELL DODGE CHRYSLER LTD.,
6408,ALLAN DALE INDUSTRIES,
6409,ALBERTA TRUCK AND AUTO LIQUIDATORS,
6411,VOLKSWAGEN MEDICINE HAT,
6412,WHOLESALE TRAILERS OF ALBERTA LTD.,
6419,HINO CENTRAL,
6420,PRECISION MOTORS LTD.,PRECISION HYUNDAI
6422,EDMONTON TRAILER SALES AND LEASING LTD.,
6426,Edson Chrysler Dodge Jeep Ltd. ,
6431,BIG LAKES DODGE LTD. SLAVE LAKE,
6434,STEPHANI MOTORS,
6438,RIDERS CONNECTION - COLD LAKE,
6446,MCWILLIAM AUTO APPRAISAL,
6451,WESTRIDGE BUICK GMC LTD.,
6453,COLLEGE PARK MOTOR PRODUCTS LTD.,
6458,MARTIN CHRYSLER,
6459,ROYAL OAK NISSAN,
6467,COCHRANE DODGE CHRYSLER ,
6470,SPRINGBANK COLLISION LTD.,CARSTAR SPRINGBANK
6472,STETTLER DODGE LTD.,
6473,PRAIRIE SKY RV,
6478,MURRAY CHEVROLET CADILLAC LETHBRIDGE LTD PARTNERSHIP,
6481,SILVERZINC MOTORS,
6483,EDMONTON TRAILER SALES AND LEASING,
6490,RIDERS CONNECTION - BONNYVILLE,
6491,NORTHSTAR CHRYSLER INC.,
6492,NORTHSTAR CHRYSLER INC.,
6493,CAMPBELL MCLENNAN CHRYSLER,
6494,WEBB'S FORD LTD.,
6497,1208413 AB LTD. DBA SCOTT SUBARU,SCOTT SUBARU
6498,South Fort Chevrolet Ltd,
6509,JENNER CHEVROLET BUICK GMC LTD.,
6510,Kootenay Chrysler Dodge Jeep Ram Ltd,
6511,GLACIER HONDA,
6512,ALANCAR HOLDINGS LTD.,CAMPBELL RIVER HYUNDAI
6514,RED OVAL HOLDINGS LTD.,COURTENAY KIA
6515,HINO CENTRAL FRASER VALLEY,
6518,0851845 B.C LTD.,VERNON KIA
6519,VANCOUVER ISLAND AUTO SALES LTD,HARRIS KIA
6522,0702920 B.C. LTD,HARRIS MAZDA
6523,THORNHILL MOTORS LTD,
6526,TAG AUTOMOTIVE INC.,ABBOTSFORD HYUNDAI 
6531,BRABY MOTORS,
6534,METRO CHRYSLER LTD.,
6536,RHYAN LEASING INC,
6538,MURRAY MOTORS FORT ST. JOHN LTD.,MURRAY CHEVROLET PONTIAC BUICK GMC
6539,COMOX VALLEY RV LTD.,
6540,COAST MOUNTAIN CHEVROLET BUICK GMC LTD,
6541,MURRAY HYUNDAI WHITE ROCK,
6543,ABBOTSFORD CHRYSLER,
6544,0917068 BC LTD,KELOWNA HYUNDAI
6546,CAMPBELL RIVER RV LTD.,CAMPBELL RIVER RV LTD.
6550,COMPANY OF CARS,
6552,HARRIS VICTORIA CHRYSLER DODGE JEEP RAM LTD,
6553,HILLCREST HYUNDAI,
6554,ARROW MOTORS,
6555,SUBARU OF CRANBROOK,
6560,1283033 ALBERTA LTD.,CRANBROOK DODGE
6561,TURNER VOLKSWAGEN NC.,
6562,BUY DIRECT - HISTORICAL,
6565,FERNIE FORD SALES LTD (SITE 2),
6566,GALAXY MOTORS LANGFORD,
6567,GUSTAFSON'S DODGE CHRYSLER JEEP LTD.,
6568,GUSTAFSON'S KIA,
6569,LANGLEY FIAT,
6570,1950040 ALBERTA LTD,CRANBROOK KIA
6571,NORTH ISLAND NISSAN LTD.,
6572,O'CONNOR MOTORS LTD.,
6573,O'CONNOR RV CENTRE LTD,
6574,GALAXY MOTORS NANAIMO,
6575,FRONTIER CHRYSLER DODGE JEEP RAM LTD.,FRONTIER CHRYSLER DODGE JEEP RAM LTD
6576,TAG MOTOR CARS LTD.,WHITE ROCK VOLKSWAGEN
6577,VALLEY MITSUBISHI,
6578,DUNCAN HYUNDAI,
6579,RIDE N STYLE AUTO ACCESSORIES,
6580,STRAIGHTLINE CHEVROLET BUICK GMC LTD,STRAIGHTLINE CHEVROLET
6581,MACCARTHY MOTORS (PRINCE RUPERT) LTD.,
6582,MAPLE RIDGE HYUNDAI,
6584,NELSON CHEVROLET BUICK GMC LTD.,
6585,NELSON CHEVROLET BUICK GMC LTD.,
6586,SPARWOOD FLEET REPAIR,
6588,MURRAY AUTO SALES CHILLIWACK LTD. ,MURRAY MAZDA CHILLIWACK
6590,VAN EMPEL FINANCIAL TRUCK CENTRE,
6592,MURRAY CHEVROLET BUICK GMC MERRITT LIMITED PARTNERSHIP,
6593,BIG BEAN HOLDINGS LTD.,AUDI KELOWNA
6594,NANAIMO MITSUBISHI,
6596,GALAXY MOTORS LANGLEY,
6597,GALAXY MOTORS COURTENAY,
6598,DENHAM FORD (B.C.) LTD.,
6599,1035488 BC LTD,AUGUST LUXURY MOTORCARS
6602,MCKEOWN MOTORS LIMITED,JIM THOMPSON CHRYSLER DODGE JEEP
6604,SCARBORO SUBARU,
6605,SCARBORO KIA,
6606,SCARBORO SUZUKI,
6611,MARKHAM SUBARU,
6615,MONTGOMERY FORD - LUCKNOW,
6616,MONTGOMERY FORD - KINCARDINE,
6621,GLASSFORD CHRYSLER DODGE JEEP RAM LIMITED,
6622,COX QUALITY CARS AND RV,
6624,LAKE HURON CHRYSLER,
6625,ERIN DODGE CHRYSLER LTD.,
6626,HANOVER CHRYSLER DODGE JEEP,
6627,Mark Wilson's Better Used Cars,
6629,DENNIS SEARLES CHEVROLET LTD,
6631,MARK WILSON'S BETTER USED CARS RETAIL,
6632,401 AUTO RV CANADA INC.,
6633,BEATTIE CHRYSLER DODGE JEEP RAM LTD.,
6634,MARIGOLD FORD LINCOLN SALES LTD,
6637,1527619 Ontario Limited,WHITBY MAZDA
6638,A.M.L. HOLDINGS LTD,WOODGROVE CHRYSLER
6639,WILLIAMSON CHRYSLER LTD,
6641,LESLIE FORD - WALKERTON,
6642,WEST CITY POWERSPORTS,
6646,LESLIE FORD - HARRISTON,
6647,LESLIE FORD - WINGHAM,
6648,1380878 Ontario Inc. ,KIA NORTH BAY
6649,MISSION MOTORS,
6652,ORLEANS RV,
6654,PORT ELGIN CHRYSLER,
6663,SUBARU OF LONDON,
6665,LANGE & FETTER MOTORS LTD.,
6666,Arthur Chrysler Dodge Jeep Ltd,
6667,Arthur Chrysler Sales & Leasing,
6668,SUDBURY HYUNDAI,
6669,PRINGLE FORD,
6671,Midland Chrysler Dodge Jeep Ram Ltd.,
6672,PAG 70 INC.,HUNTSVILLE CHRYSLER DODGE JEEP RAM
6673,PAG 72 INC.,HUNTSVILLE HONDA
6674,PAG 71 INC.,HYUNDAI OF MUSKOKA
6676,Carloft.ca,
6677,MCCURDY CHEVROLET BUICK GMC LTD.,
6678,417 RV,
6681,SELINA'S STUDIO,
6682,TOWNE AUTOMOTIVE OF BRACEBRIDGE INC.,MUSKOKA KIA
6683,2423415 ONTARIO INC. DBA WOODSTOCK NISSAN,WOODSTOCK NISSAN
6689,SUPERIOR NISSAN,
6692,ORILLIA DODGE CHRYSLER,
6695,STAUFFER MOTORS LIMITED,
6696,ST. CATHARINES MAZDA,
6697,LALLY FORD SALES LTD,
6698,LALLY SOUTHPOINT FORD,
6699,LALLY KIA,
6701,GARY MOE MAZDA LETHBRIDGE,
6702,LETHBRIDGE TRUCK TOWN,
6703,SLAVE LAKE CHRYSLER DODGE JEEP RAM LTD.,
6705,EAGLE RIVER CHRYSLER LTD.,
6707,LEGACY FORD PONOKA,
6708,LEGACY FORD RIMBEY,
6711,HINO CENTRAL CALGARY,
6712,TRUE NORTH POWERSPORTS LTD.,
6713,CAMROSE CHRYSLER,
6714,NATIONAL AUTO OUTLET,
6718,HINO CENTRAL FORT MCMURRAY,
6720,DAYTONA AUTOMOTIVE GROUP INC,
6721,937772 ALBERTA LTD.,STRAIGHTLINE KIA MEDICINE HAT
6722,MADDIGAN CHRYSLER DODGE JEEP RAM LTD.,
6725,CANMORE CHRYSLER DODGE JEEP RAM LTD.,
6727,PATRICIA FORD SALES (1994) LTD.,
6729,FOURLANE FORD SALES LTD.,
6730,CHAMPION FORD LTD.,
6731,ALLAN-DALE EDMONTON,
6732,LEGACY DODGE CLARESHOLM,
6733,LEGACY DODGE TABER,
6735,CSL FORD SALES LTD.,
6736,BRENTRIDGE FORD LIMITED,
6737,ASPEN FORD SALES LTD.,
6738,WINDSOR MOTORS (1975) LTD.,
6739,WINDSOR MOTORSPORTS,
6740,SUN CITY FORD LTD.,
6741,LETHBRIDGE KIA,
6742,FIX AUTO MEDICINE HAT,
6743,1646262 ALBERTA LIMITED,DRIVE FINANCIAL
6745,1865217 ALBERTA LTD.,ADRENALIN MOTORS
6748,WINDSOR AUTOBODY,
6750,GARY MOE CHRYSLER DODGE JEEP RAM,
6751,AUTO XTRAS LTD.,
6752,BANNISTER POWERSPORTS GP LTD,GP MOTORSPORTS
6753,STRAIGHTLINE CHRYSLER DODGE JEEP RAM INC. ,STRAIGHTLINE CHRYSLER DODGE
6754,LAMB FORD SALES LTD.,
6755,1939650 ALBERTA LTD. DBA ST. PAUL CHRYSLER DODGE JEEP RAM,ST. PAUL CHRYSLER DODGE JEEP RAM
6756,REVOLUTION MAZDA,
6757,REVOLUTION KIA,
6758,REVOLUTION CHEVROLET BUICK GMC,
6760,WESTLOCK FORD (2016) LTD,
6761,WESTERN AUTO & IMPORTS,
6762,WESTERN TRUCK FARM,
6771,195448 AB LTD,BIG ROCK CHRYSLER DODGE JEEP RAM (2016) LTD.
6772,DENHAM FORD SALES LTD,DENHAM FORD SALES LTD.
6775,HIGH COUNTRY CHEVROLET BUICK GMC LTD.,HIGH COUNTRY CHEVROLET BUICK GMC LTD.
6778,GARY MOE HYUNDAI,
6779,GARY MOE MAZDA,
6780,GARY MOE VOLKSWAGEN,
6787,MH Motor Products Ltd.,Medicine Hat Nissan
6791,BROWNS CHRYSLER DODGE JEEP RAM LTD.,BROWNS CHRYSLER DODGE JEEP RAM LTD.
6794,Grant Miller Chevrolet Buick GMC Ltd.,Grant Miller Chevrolet Buick GMC Ltd.
6797,DEVON CHRYSLER DODGE JEEP RAM 2017 LTD.,
6798,1941620 ALBERTA LTD DBA STRAIGHTLINE KIA,STRAIGHTLINE KIA
6799,1965135 ALBERTA LTD O/A LEDUC HYUNDAI,LEDUC HYUNDAI
6800,TILBURY CHRYSLER,
6801,VICTORY FORD LINCOLN SALES LTD.,
6803,TWIN HILLS FORD LINCOLN LIMITED,
6804,LAKESHORE AUTO SALES,
6805,PROGRESSIVE FORD SALES LTD.,
6806,MCALPINE FORD LINCOLN SALES LTD,
6807,1000220108 ONTARIO LTD.,HUNTER FORD SALES
6808,ST. MARYS FORD SALES LTD.,
6809,A & B FORD SALES LTD.,
6810,A & B FORD SALES LTD. ,
6811,REVELL MOTOR SALES LTD.,
6812,NORTH BAY CYCLE AND SPORTS (2015) INC.,
6813,PETRIE FORD SALES (KINGSTON) LTD.,
6814,HANNA MOTOR SALES CO. LIMITED,
6815,BILL HOUSTON FORD LTD,LEGGAT STOUFFVILLE FORD
6816,G. FIGLIOMENI & SONS INC,
6817,BLACKSTOCK FORD LINCOLN SALES LTD.,
6818,MOYNES FORD SALES LTD,
6819,RIDGEWOOD FORD SALES LTD.,
6820,MOTOR CITY CHRYSLER DODGE JEEP RAM,
6821,FINES FORD LINCOLN SALES AND SERVICE LTD.,
6822,BAD DOG,
6823,TIMBERLAND FORD INC.,
6824,NORTH SHORE FORD INC.,
6825,GUAY'S GARAGE LIMITED,
6826,TAYLOR FORD (SCUGOG) INC.,
6827,,
6828,Bourgeois Motors Ltd.,
6829,CAMBRIDGE FORD LIMITED,CAMBRIDGE FORD
6830,BOYER FORD (STIRLING) LTD.,
6831,WILLS CHEVROLET BUICK GMC LTD.,
6832,Brock Ford Sales Inc.,
6833,MOHAWK FORD SALES (1996) LIMITED,
6834,1019554 ONTARIO LTD. O/A CARDINAL KIA,CARDINAL KIA
6835,REAUME CHEVROLET LTD,REAUME CHEVROLET BUICK GMC
6837,LARRY RENAUD'S GARAGE LTD ,
6838,NEW ROADS AUTOMOTIVE GROUP LTD,NEW ROADS CHEVROLET CADILLAC BUICK GMC
6840,RHS MOTORS INC,RICHMOND HILL SUBARU
6841,2438887 ONTARIO INC,NEW ROADS MAZDA
6842,GREAVETTE CHEVROLET BUICK CADILLAC GMC LTD.,
6844,1404726 ONTARIO INC.,SUBARU OF MUSKOKA
6845,EDMONDS CHEVROLET BUICK GMC LTD,
6846,Toronto Smart Cars Ltd.,CarHub North York Chrysler
6847,Caledon Chrysler Jeep Dodge Ram Inc.,CarHub Caledon Chrysler
6848,1680920 ONTARIO INC,REXDALE HYUNDAI
6849,PROGRESSIVE AUTO SALES SARNIA INC.  ,PROGRESSIVE AUTO SALES SARNIA INC.  
6850,982874 ONTARIO LTD.,MISSISSAUGA HYUNDAI
6851,WEST END MOTORS (FORT FRANCES) INCORPORATED,WEST END MOTORS (FORT FRANCES) INCORPORATED
6852,MURPHY FORD SALES LIMITED.,MURPHY FORD SALES LIMITED.
6854,1208812 Ontario Inc.,Timmins Honda
6855,Redco Auto Credit Ltd,PAYLESS AUTO
6857,GORD ANDERSON AUTOMOTIVE GROUP INC.,
6858,2226960 Ontario Inc.,GORD ANDERSON KIA AND GORD ANDERSON HINO
6859,NIAGARA CHRYSLER DODGE JEEP RAM INC.,NIAGARA CHRYSLER DODGE JEEP RAM INC.
6860,100679046 Ontario Inc.,Wilson Ford Limited
6861,FOCH LEASING,FOCH LEASING
6863,Dominion Motors (Thunder Bay) 1984 Ltd.,Dominion Motors (Thunder Bay) 1984 Ltd.
6864,A & D Brennen Motor Sales & Service Ltd.,BRENNEN FORD
6865,Pinewood Ford Ltd.,
6867,Concept Ford Inc.,
6868,2536936 Ontario Ltd.,Tillsonburg Kia
6869,,
6870,Lincoln Heights Ford Sales Limited,
6871,Menzies Chrysler Inc.,
6872,Robinson Buick GMC Ltd.,
6873,959161 Ontario Inc.,SAM'S CHRYSLER DODGE JEEP RAM
6877,RIVERSIDE CHEVROLET BUICK GMC LTD.,
6880,2456336 ONTARIO INC. DBA NEW ROADS SUBARU NEWMARKET,NEW ROADS SUBARU NEWMARKET
6882,ARNPRIOR CHRYSLER LTD.,
6883,WILLIAMSON LEASING,
6884,BUSTARD BROTHERS LIMITED DBA BUSTARD CHRYSLER WATERLOO,BUSTARD CHRYSLER - WATERLOO
6885,BUSTARD BROTHERS LIMITED DBA BUSTARD CHRYSLER LISTOWEL,BUSTARD CHRYSLER - LISTOWEL
6886,1409071 ONTARIO LIMITED O/A TRENTO KIA,TRENTO KIA
6888,401 AUTO RV CANADA - BARRIE,
6889,TEMAGAMI MARINE,
6890,401 AUTO RV CANADA - PETERBOROUGH,
6891,401 AUTO RV CANADA - LONDON,
6892,1409071 ONTARIO LIMITED,TRENTO KIA - 2ND SITE
6893,1202894 ONTARIO INC.,EDWARDS MAZDA
6894,DRIVE LEASING CORPORATION,DRIVE LEASING 
6895,LISTOWEL FORD,
6896,2584987 Ontario Limited,Hwy 11 Dodge Chrysler Jeep
6897,ECONOMY WHEELS LTD.,ECONOMY WHEELS NISSAN
6899,2567383 ONTARIO INC.,KIA YORKDALE
6902,Sunrise Ford Sales Ltd.,
6903,MURRAY MOTOR SALES ABBOTSFORD LIMITED - PARTNERSHIP,MURRAY KIA ABBOTSFORD
6904,STEVE MARSHALL FORD LINCOLN LTD.,
6906,KAWEN HOLDINGS LTD ,ISLAND OWL MAZDA
6907,FAMILY FORD,
6908,STEVE MARSHALL MOTORS (1996) LTD.,
6909,MAINLAND FORD LTD.,
6910,VERSATILE LEASING,
6911,HOSKINS FORD SALES LTD.,
6912,LIKE NEW CAR CARE,
6913,SOUTH COAST FORD SALES LTD.,
6914,MELODY MOTORS LTD.,
6915,BASANT MOTORS LTD.,
6918,HARE MOTORS LTD.,
6919,KAMLOOPS FORD LINCOLN LTD.,
6920,E277 HOLDINGS INC. O/A KAMLOOPS KIA,KAMLOOPS KIA
6921,W520 HOLDINGS LTD. O/A KAMLOOPS MAZDA,KAMLOOPS MAZDA
6922,DEARBORN MOTORS LTD,DEARBORN FORD
6923,MURRAY AUTO GROUP PENTICTON LTD,MURRAY BUICK GMC
6925,REVOLUTION HONDA,
6926,LAKE CITY FORD SALES INC.,
6927,REVOLUTION ARCTIC CAT,
6928,1079259 BC LTD.,TRI CITY MITSUBISHI
6929,BC Auto Centre,
6932,GALAXY MOTORS,GALAXY MOTORS DUNCAN
6933,JACOBSON FORD SALES LTD.,JACOBSON FORD SALES LTD.
6934,JACOBSON FORD SALES REVELSTOKE,JACOBSON FORD SALES REVELSTOKE
6935,Snow Valley Ford Sales,
6936,Terrace Totem Ford Sales Ltd,
6937,NORMS AUTO REFINISHING LTD.,
6938,1089362 BC LTD,HALEY DODGE SUNSHINE COAST
6939,WESTERN AUTO SERVICES,
6940,NATIONWIDE LEASING,
6941,Sunrise Vehicle Sales LTD.,RIVERSHORE RAM CHRYSLER DODGE JEEP
6943,MARINE CHRYSLER DODGE JEEP LTD.,
6944,ALFA ROMEO FIAT OF VANCOUVER,
6946,1101238 BC Ltd ,WOLFE ALL MAKE SALES AND LEASE
6947,MURRAY AUTO GROUP CHILLIWACK LTD.,MURRAY HONDA CHILLIWACK
6948,482230 BC LTD HOLDING COMPANY,
6949,JOHNSTON'S HOLDINGS LTD.,
6950,681623 BC LTD (2002),
6972,1996860AB LIMITED,
6973,DUECK CHEVROLET BUICK CADILLAC GM,DUECK ON MARINE
6974,DUECK CHEVROLET BUICK CADILLAC GMC,DUECK GM MARINE
6975,DUECK DOWNTOWN CHEVROLET BUICK GMC,DUECK DOWNTOWN
6976,DUECK RICHMOND CHEVROLET BUICK GMC,DUECK RICHMOND
6977,0731534 BC LIMITED,SUKHI BATH MOTORS
6978,DUECK ISUZU TRUCKS VANCOUVER LIMITED,
6979,STRAIGHTLINE RV & MARINE LTD,STRAIGHTLINE RV & MARINE
6982,NANAIMO CHRYSLER DODGE JEEP RAM,NANAIMO CHRYSLER
6983,1118388 BC LTD,PENTICTON NISSAN
6984,JACK CARTER NORTH STAR CHEVROLET BUICK GMC LTD.,
6985,JACK CARTER NORTH STAR CHEVROLET BUICK GMC LTD.,
6987,GALAXY MOTORS,GALAXY RV DUNCAN
6990,EDM INVESTMENTS LTD.,TITANIUM FORD
6995,1140010 BC LTD,SUBARU OF CRANBROOK
6997,PRESTON CHEVROLET BUICK GMC CADILLAC LTD,
7014,LEISURE DAYS INC.- AYR,
7019,LEISURE DAYS RV CENTRE - SMITHS FALLS,
7028,MASCOTTO'S MARINE LTD.,
7035,POWERSPORTS CANADA INC.,
7037,LEISURE DAYS RV CENTRE - BUCKINGHAM,
7039,LEISURE DAYS RV CENTRE - PEMBROKE,
7052,,
7053,LEISURE DAYS RV CENTRE - TRURO,
7063,CRC RV CENTRE - MONCTON,
7064,CRC RV CENTRE (TRURO),
7068,LEISURE DAYS RV CENTRE - MONCTON,
7070,BARRIE H LP,BARRIE HONDA
7071,CAMCO A LP,CAMCO ACURA
7072,ONTARIO H LP,ONTARIO HYUNDAI
7073,MENDES T LP ,BANK STREET TOYOTA
7074,CIVIC M LP ,CIVIC MOTORS HONDA
7075,401 AUTO RV CANADA INC.,
7076,ALPHA AUTO GROUP - HEAD OFFICE,
7077,ORLEANS H LP ,ORLEANS HONDA
7078,OGILVIE S LP ,OGILVIE SUBARU
7079,2798079 ONTARIO LIMITED,SUDBURY MITSUBISHI
7080,SCHERER CHEVROLET BUICK GMC LTD.,
7081,SCHERER LEASING INC.,
7100,STEELE COLLISION CENTER - BAYERS LAKE,
7101,STEELE COLLISION CENTER - DARTMOUTH,
7102,PORTLAND STREET COLLISION - STEELE,
7103,3025052 NOVA SCOTIA LTD,VOLVO CARS HALIFAX 
7104,3025052 NOVA SCOTIA LTD.,PORSCHE OF HALIFAX
7105,VIOLETTE MOTORS LTD.,
7107,3025052 NOVA SCOTIA LTD.,JAGUAR LAND ROVER HALIFAX
7108,3025052 NOVA SCOTIA LTD,JAGUAR LAND ROVER HALIFAX 
7111,3249460 NOVA SCOTIA LIMITED DBA STEELE CHEVROLET BUICK GMC Cadillac,STEELE CHEVROLET BUICK GMC CADILLAC
7112,WOOD MOTORS (1972) LIMITED,
7113,JIM PENNEY LTD. DBA KELLY FORD,KELLY FORD - GANDER
7114,KELLY FORD - GRAND FALLS,
7115,TREVORS NISSAN LTD.,
7116,CAPITAL FORD LINCOLN LIMITED,CAPITAL FORD LINCOLN
7117,CABOT COLLISION CENTER,
7118,CABOT QUICKLANE,
7119,3188192 Nova Scotia Incorporated,Landry Auto Group
7121,Bruce N-K Limited,BRUCE NISSAN OF KENTVILLE
7122,Lake View Auto,
7123,GRANT ENTERPRISES LIMITED,PARKWAY HYUNDAI
7124,219 AUTOMOTIVE INC.,MACPHEE FORD
7125,3244728 NOVA SCOTIA LTD.,STEELE HALIFAX CHRYSLER DODGE JEEP RAM
7126,Berwick Used Car Centre,
7127,3299874 Nova Scotia Ltd. ,902 Auto Sales
7129,3291625 NS LTD.,COLONIAL HONDA
7130,3041518 Nova Scotia Ltd,COLONIAL COLLISION CENTRE
7131,Hillside Nissan,Fredericton Nissan
7132,Violette Ford (2016) Inc.,
7133,3302776 Nova Scotia Ltd.,Bridgewater Honda
7134,3302776 Nova Scotia Ltd. ,Bridgewater Honda Powerhouse
7135,3302775 Nova Scotia Limited oa South Shore Chevrolet Buick GMC,South Shore Chevrolet Buick GMC
7136,South Shore GM Liverpool,
7137,CLARKE MOTORS PEI LTD.,CENTENNIAL NISSAN OF SUMMERSIDE
7138,PLAZA FORD SALES LIMITED,
7139,WINDJAMMER FAIRWAY HONDA,FAIRWAY HONDA
7140,3305991 NOVA SCOTIA LIMITED OA AMHERST NISSAN,AMHERST NISSAN
7141,MOTORHUB AUTOMOTIVE TRURO INC.,TRURO MITSUBISHI
7142,STRAIT-WAY AUTO SALES (2017) INC. ,
7143,STRAIT-WAY KIA,STRAIT-WAY KIA
7144,3299874 NOVA SCOTIA LIMITED,LANDRY GROUP AUTO APPROVAL
7146,3309719 NOVA SCOTIA LTD,
7148,80036 NEWFOUNDLAND & LABRADOR INC,GANDER TOYOTA
7149,10990 NEWFOUNDLAND INC.,GANDER KIA
7150,679603 N.B. LTD.,STEELE GMC BUICK
7151,679604 NEW BRUNSWICK LIMITED,FREDERICTON HYUNDAI
7152,CLUTCH CANADA INC.,
7153,716784 N.B. INC,RECAR
7154,WHEELS & DEALS POWERSPORTS,
7155,SACKVILLE AUTO & RV LTD,
7156,SUTHERLAND MOTORS LTD.,FREDERICTON MAZDA
7157,694005 NB INC,TREVORS MITSUBISHI
7158,KELTIC HOLDINGS INC,CENTENNIAL MAZDA
7159,MACINTYRE CHEVROLET CADILLAC LIMITED,
7160,AF MACPHEE HOLDINGS LTD,
7161,SIMMONS HONDA SALES & SERVICE LTD.,
7162,SIMMONS HONDA POWERHOUSE,
7163,L.J.R. SALES LTD.,GANDER HYUNDAI
7164,ROACH OASIS,CHARLOTTETOWN MITSUBISHI
7165,055841 N.B. LTD,ACURA OF MONCTON
7166,80039 NEWFOUNDLAND & LABRADOR INC,STEELE HONDA
7167,80038 NEWFOUNDLAND & LABRADOR INC.,STEELE MAZDA ST. JOHN'S
7168,KEEN INVESTMENTS LTD.,CENTENNIAL KIA
7169,LAYREG HOLDINGS INC.,STEELE HYUNDAI GRAND FALLS-WINDSOR
7170,716784 N.B. INC,RECAR SAINT JOHN
7171,3321421 NOVA SCOTIA LIMITED,STEELE MITSUBISHI
7172,TRI COUNTY FORD SALES LTD,
7173,DOUG'S RECREATION NB LTD,
7174,PARK AVENUE INVESTMENTS,CUMBERLAND HONDA
7175,CAROL AUTOMOBILE LTD.,
7177,TERRA NOVA MOTORS LIMITED,
7179,HIGH GROVE ON THE PARK INC.,
7180,601557 NB LTD.,
7181,STEELE VALLEY CHEVROLET GMC BUICK,STEELE VALLEY CHEVROLET GMC BUICK
7182,POWERCO INC.,EXPERIENCE HYUNDAI
7183,KEW HOLDINGS INC.,SUBARU OF CHARLOTTETOWN
7184,REIDCO LTD.,DISCOVER KIA
7185,ANCHOR MOTORS LIMITED,ANCHOR TOYOTA
7186,CENTENNIAL MOTORS LIMITED,CENTENNIAL HONDA
7187,716784 N.B. INC,RECAR MONCTON
7188,BRUCE M-K LIMITED,BRUCE MAZDA
7189,KENTVILLE NISSAN,
7190,GRANVILLE AUTO CENTER LTD.,CENTENNIAL AUTO-SPORT & TIRE - CHARLOTTETOWN
7191,GRANVILLE AUTO CENTER LTD.,CENTENNIAL AUTO-SPORT & TIRE - SUMMERSIDE
7192,MLEDC INVESTMENTS LTD.,SYDNEY MITSUBISHI
7193,ST. CROIX AUTO LTD.,ST. CROIX AUTO LTD.
7194,ST. CROIX AUTO LTD.,ST. CROIX AUTO LTD.
7195,ST. CROIX AUTO LTD.,ST. CROIX AUTO LTD.
7196,ST. CROIX AUTO LTD.,ST. CROIX AUTO LTD.
7198,684738 N.B. LTD.,VOLVO CARS NEW BRUNSWICK
7199,FAIRVIEW PLYMOUTH CHRYSLER LTD. ,FAIRVIEW JEEP RAM
7204,612111 LTD,SUMMIT DODGE FREDERICTON
7205,BRUCE FORD SALES LIMITED,
7206,BRUCE AUTOMOTIVE YARMOUTH INC. ,BRUCE HONDA
7207,BRUCE H-N LIMITED,BRUCE HYUNDAI
7208,BRUCE CHEVROLET BUICK GMC LIMITED,BRUCE CHEVROLET BUICK GMC - DIGBY
7209,BRUCE CHEVROLET BUICK GMC LIMITED,BRUCE AUTOMOTIVE GROUP - CORPORATE OFFICE
7210,BRUCE CHEVROLET BUICK GMC LIMITED,
7212,BRUCE CHEVROLET BUICK GMC LTD.,CSN COLLISION CENTRE
7213,BRUCE FORD SALES LIMITED ,BRUCE AUTO SPA
7214,J BARKER CAPITAL,
7215,L BARKER CAPITAL,
7216,MPG MARKETING,
7217,BRUCE LEASING,
7218,KEMAC HOLDINGS LTD,
7300,COLLEGE FORD OF TABER LTD.,
7301,COLLEGE FORD LINCOLN LTD.,
7302,COLLEGE LEASING,
7303,SMGCT  ,
7304,COUNTRY CHRYSLER DODGE JEEP RAM,
7305,HIGH PRAIRIE FORD SALES & SERVICE LTD,REVOLUTION FORD
7306,1615380 ALBERTA LTD,LEGACY DODGE CHRYSLER JEEP RAM
7308,WHITECOURT FORD INC,
7309,BARRHEAD FORD INC.,
7310,ZENDER FORD SALES LTD.,
7312,ASHAR INVESTMENTS LTD.,
7313,BOB WOLFE INVESTMENTS,
7314,WOLFE PACK WARRIORS FOUNDATION,
7315,1945150 ALBERTA LTD.,
7316,WOLFE CALWEST PROPERTIES LTD,
7317,1145041 ALBERTA LTD.,
7318,ALC TRUCKS LTD.,
7319,ALBERTA LEASECO - WESTERN,
7320,ALBERTA LEASECO - EML,
7321,ALBERTA LEASECO - GSL,
7322,HANSEN FORD QUICKLANE,
7323,,
7324,RIVER HEIGHTS MOTOR PRODUCTS,COCHRANE NISSAN
7325,WESTGATE CHEVROLET (2018) LTD.,WOLFE CHEVROLET EDMONTON
7326,LEGACY LEASING,
7327,MURRAY MOTORS OKOTOKS LIMITED PARTNERSHIP,
7328,CARBRITE CALGARY,
7329,CARBRITE EDMONTON,
7330,WESTERN PAINT & EQUIPMENT,
7331,ALBERTA LEASECO - WESTGATE,
7332,2027310 ALBERTA LTD,NORTHLAND KIA
7333,,
7335,AUTOMAXX AUTOMOTIVE SALES LTD.,
7337,OLYMPIC MOTORS (AB) V CORPORATION,RED DEER NISSAN
7338,CAM CLARK FORD SALES LTD.,
7339,CAM CLARK FORD SALES (2012) LTD,
7340,CAM CLARK FORD (OLDS) LTD,
7341,CAM CLARK LEASING LTD.,
7342,CAM CLARK SUPERSTORE,
7344,CRAWFORD MOTORS LTD.,INNISFAIL CHRYSLER
7345,OWN IT FINANCE LTD,
7348,EDMONTON TRAILER SALES & LEASING,ETS WHITECOURT
7352,RAINBOW FORD SALES INC.,
7354,CITY PLYMOUTH CHRYSLER (MEDICINE HAT) LTD.,
7355,WOLFE FAMILY HOLDING LTD.,
7356,SILVERWOOD MOTOR PRODUCTS LTD.,LLOYDMINSTER TOYOTA
7357,CAM CLARK FORD CANMORE LTD,
7358,WOLFE CHEVROLET GMC BUICK CANMORE LTD.,
7359,1820978 ALBERTA LTD.,STRAIGHTLINE UTILTY VEHICLES
7360,2205723 ALBERTA LTD,SUZUKI OF EDMONTON
7362,SOUTH TRAIL NISSAN LTD,SOUTH TRAIL NISSAN
7364,ALBERTA LEASECO - CANMORE,
7365,BIG M FORD LINCOLN LTD.,
7368,551546 ALBERTA LTD.,MOUNTAIN VIEW DODGE CHRYSLER JEEP RAM
7369,DIVERSE LEASING AND RENTALS LTD,
7370,ELEDONE MANAGEMENT INC.,
7371,DK FORD SALES LTD.,
7372,KOCH FORD LINCOLN SALES (2003) LTD.,KOCH FORD LINCOLN SALES (2003) LTD.
7373,KOCH FORD SALES (ATHABASCA) LTD.,KOCH FORD SALES (ATHABASCA) LTD.
7375,ROYAL OAK JLR LTD. ,JAGUAR LAND ROVER ROYAL OAK
7376,EASY PRO MECHANICAL SERVICES,
7377,ALLAN-DALE TRAILERS & RV'S,ALLAN-DALE TRAILERS & RV'S
7378,WESTERN STERLING TRUCKS LTD.,WESTERN TRUCK AND TRAILER
7380,DERRICK LEASING,
7381,CANADA WIDE,
7382,1176943 ALBERTA LTD.,LEXUS OF CALGARY
7383,1371487 ALBERTA LTD. ,COCHRANE TOYOTA
7384,LEXUS OF ROYAL OAK,LEXUS OF ROYAL OAK
7385,STAMPEDE LEASING LTD. ,STAMPEDE TOYOTA
7386,CHARLESGLEN LTD.,CHARLESGLEN TOYOTA
7387,TARRABAIN MOTOR PRODUCTS LTD,
7388,DRIVERZ AUTO SALES LTD.,
7389,CAVALCADE AUTO ACCEPTANCE,
7390,WOODRIDGE AUTO BODY LTD.,ALL MAKES COLLISION CENTRE
7391,WOODRIDGE FORD LINCOLN LTD.,
7392,BIG 4 MOTORS LTD.,
7393,ADVANTAGE FORD SALES LTD.,
7394,OKOTOKS FORD LINCOLN,
7395,VILLAGE MOTORS LTD. ,VILLAGE HONDA
7396,367077 ALBERTA LTD ,NORTHSIDE MOTORSPORTS
7397,OLYMPIC MOTORS (AB) VIII CORPORATION,STRATHMORE CHRYSLER DODGE JEEP RAM
7399,367077 ALBERTA LTD,CENTRAL AUTO EDSON
7402,PRESTON AUTO LEASE LTD.,
7403,NORTH ISLAND AUTOMOTIVE LTD.,COMOX VALLEY TOYOTA
7404,LIBERTY LEASING INC.,
7405,KELOWNA MOTORS INVESTMENTS LTD.,
7406,101287828 SASKATCHEWAN LTD,CAROOGA
7407,DUNCAN CHRYSLER DODGE JEEP RAM LTD,
7408,MOOSE MOUNTAIN VENTURES LTD.,RUNNERS RV
7409,MILANI & NORMAN AUTO SALES & LEASING INC.,NORMAN MOTOR GROUP
7410,KEMLEE EQUIPMENT LTD,
7413,1175104 BC LTD DBA CRANBROOK MITSUBISHI,CRANBROOK MITSUBISHI
7414,OCEANVIEW AUTOMOTIVE LTD,SUNSHINE COAST CHEVROLET BUICK GMC
7415,PARK AVENUE ENTERPRISES LTD.,THE HONDA WAY
7417,SAMURAI AUTOMOTIVE LTD.,WHITE ROCK CHRYSLER DODGE JEEP RAM
7418,0889541 BC LTD.,SPRING HONDA
7420,NELSON FORD SALES (2003) INC.,
7421,GALAXY MOTORS (1990) LTD.,GALAXY RV WESTSHORE
7422,GALAXY MOTORS (1990) LTD,GALAXY RV PARKSVILLE
7423,JACK CARTER NORTH STAR CHEVROLET BUICK GMC LTD.,
7425,CAM CLARK FORD LINCOLN LTD,
7426,CAM CLARK FORD RICHMOND LTD,
7427,1204334 BC LTD.,CRANBROOK HYUNDAI
7430,1201834 BC LTD,DRIVEHIVE SUPERSTORE WHITEROCK
7434,1026118 BC LTD.,PORSCHE CENTRE KELOWNA
7435,KELOWNA AUTOSPORT LTD.,JAGUAR LAND ROVER KELOWNA
7436,1191259 B.C. LTD.,VOLVO CARS KELOWNA
7437,ORCHARD FORD SALES LTD.,
7438,BROTHERS AUTOBODY REFINISHERS LTD.,
7440,TRANSCAN LEASING CORP,
7441,1202995 B.C. LTD.,VICTORIA HYUNDAI
7442,561075 B.C. LTD,KIA VICTORIA
7443,1224452 B.C. LTD,CAMPUS NISSAN VICTORIA
7444,1224463 B.C. LTD ,CAMPUS ACURA VICTORIA
7445,1240313 B.C. LTD,CAMPUS INFINITI VICTORIA
7446,1224463 B.C. LTD,CAMPUS HONDA VICTORIA
7447,GARDNER CHEVROLET BUICK GMC LTD.,
7448,GREG GARDNER MOTORS LTD.,
7449,1162045 B.C. LTD,
7450,1234744 B.C. LTD.,
7451,CLASSIC IMAGE AUTO BODY,
7452,ISL NIS AUTO SALES LTD,COURTENAY NISSAN
7453,660476 BC LTD.,
7454,KING OF CARS B.C. LTD.,
7455,WHITE OWL MOTORS,GENESIS LANGLEY
7456,CARIBOO CHEVROLET BUICK GMC LTD.,
7457,FRASER RIVER CHEVROLET BUICK GMC LTD.,
7458,CARIBOO FORD LTD.,
7459,P.C. MOTORS INC. ,PEACE COUNTRY TOYOTA
7460,WESTLINE FORD LTD.,
7462,ONE WEST AUTO LTD.,VANCOUVER MITSUBISHI
7463,ASKARIAN HOLDINGS LTD.,LEGACY USED CARS
7465,THINK FLEET MANAGEMENT INC,
7466,KAMLOOPS CHRYSLER DODGE JEEP RAM INC,
7467,AXIS AUTO BROKERS,
7468,OLYMPIC MOTORS (AB) VII CORPORATION,ACURA OF RED DEER
7469,KWP CARRIAGE INC.,PENTICTON TOYOTA
7470,SIB AUTO INC ,SUBARU OF PENTICTON
7471,SIB AUTO INC ,KELOWNA SUBARU
7473,GUSTAFSON'S CENTRAL CHEVROLET GMC BUICK LTD,
7474,1468211 B.C. LTD,STRAIGHTLINE HONDA
7475,GILMAY ENTERPRISES LTD. ,GILMAY RV
7476,PENTICTON AUTO LEASING,
7477,LAKESIDE FORD LTD.,
7482,1272986 BC Ltd,SUN VALLEY NISSAN
7483,SUMMIT V AUTO LTD.,ARROW VOLKSWAGEN
7484,BUY DIRECT TRUCK CENTRE,
7485,PARAMOUNT TRADING LTD.,MILANI AUTO SALES 
7486,GALAXY MOTORS (1990) LTD.,GALAXY MOTORS COLWOOD
7487,Victoria Ford Alliance Ltd.,Jaguar Victoria / Land Rover Victoria
7488,Victoria Ford Alliance Ltd.,Suburban Motors
7489,Victoria Ford Alliance Ltd.,Victoria Mitsubishi
7490,VICTORIA FORD ALLIANCE LTD.,GLENOAK FORD 
7491,Victoria Ford Alliance Ltd.,Glenoak Ford Sales
7492,Victoria Ford Alliance Ltd.,Pacific Mazda
7493,Coastal Ford Sales Limited,Coastal Ford Vancouver
7494,Coastal Ford Sales Limited,Coastal Ford Squamish
7495,Coastal Ford Sales Limited,Coastal Ford Burnaby
7496,ONE WEST LEASING AUTO LTD,
7498,CAROOGA LIMITED PARTNERSHIP,CAROOGA
7500,716784 N.B. INC,RECAR
7501,COLBOURNE CHRYSLER DODGE JEEP RAM LTD.,
7502,COLBOURNE FORD LTD.,
7503,BRUCE AUTO APPROVAL,
7509,10162 NFLD LIMITED,MARSH MOTORSPORTS
7510,TONER GMC CHEVROLET BUICK LTD.,
7511,G & M CHEVROLET BUICK GMC CADILLAC LTD.,
7512,TONER CHEVROLET BUICK GMC LTD.,
7513,BRUCE D-Y LIMITED,BRUCE CHRYSLER DODGE JEEP
7514,BRUCE MANAGEMENT LIMITED,
7515,3090590 NOVA SCOTIA LTD,LAKE VIEW AUTO SALES
7516,COLBOURNE AUTO REALTY LTD.,
7517,COLBOURNE STATION PRE-OWNED VEHICLES,
7523,TARGET ENTERPRISES LIMITED,COUNTY MAZDA
7524,ATLANTIC MOTORS LTD. ,ATLANTIC MAZDA
7525,716784 N.B. LTD.,RECAR WOODSTOCK
7526,716784 N.B. INC. ,RECAR PEI
7527,VELOCITY AUTO BODY INC.,
7528,677834 N.B. INC. ,REALCO
7529,AVIATION,
7530,TREVOR'S AUTO LTD.,TREVORS HYUNDAI
7531,TANTRAMAR BUICK GMC (2009) LIMITED,TANTRAMAR CHEVROLET BUICK GMC
7532,VALLEY FORD LIMITED,
7533,3342691 NOVA SCOTIA LIMITED,BELLIVEAU MOTORS
7535,3341098 NOVA SCOTIA LIMITED,YARMOUTH MAZDA
7536,TM AUTO CHRYSLER DODGE JEEP RAM LTD.,
7537,HUMBER MOTORS LIMITED,
7538,STEELE AUTO ON DEMAND ,YOUR WAY AUTO
7539,HUMBER MOTORS LIMITED,
7540,STEELE EV LIMITED,ALL EV BY STEELE
7541,STEELE PREMIUM LIMITED,LAND ROVER MONCTON
7543,FAIRLEY & STEVENS LIMITED,FAIRLEY & STEVENS FORD
7544,EASTCOAST FINANCIAL INC.,EASTCOAST FINANCING
7545,4350996 NOVA SCOTIA LIMITED,CAREVO AUTO SOLUTIONS
7546,3324922 NOVA SCOTIA LIMITED,EASTCOAST AUTO REPAIR
7547,Steele Auto's Practice Site,
7548,716784 N.B. INC.,RECAR NEWFOUNDLAND
7549,CAPE BRETON TRAILER SALES INC,
7550,SHIFT AUTOMOTIVES LTD.,
7551,3039214 NOVA SCOTIA LTD.,GENESIS HALIFAX
7552,COUNTRY CAMPER SALES LTD.,
7553,STEELE AUTO GROUP LIMITED,STEELE WHEELS
7554,728969 NB LTD.,GRAND FALLS HYUNDAI
7555,ROADSPORT FORD LINCOLN INC.,RIVERVIEW FORD LINCOLN
7556,RON MACGILLIVRAY CHEVROLET BUICK GMC LTD.,
7557,3278724 NOVA SCOTIA LIMITED,CENTURY HONDA
7558,3278725 NOVA SCOTIA LIMITED,CENTURY HYUNDAI
7559,3323399 NOVA SCOTIA LIMITED,CENTURY NISSAN
7560,725371 NB LTD,CENTURY SUBARU
7561,SAINT JOHN NISSAN INC.,SAINT JOHN NISSAN
7566,STEELE ST. JOHN'S CHRYSLER DODGE JEEP RAM LIMITED,
7567,STEELE ST. JOHN'S CHRYSLER DODGE JEEP RAM LIMITED,STEELE HARBOUR GRACE CHRYSLER DODGE JEEP RAM LIMITED
7568,YEWY,
7569,STEELE EV LIMITED,ALL EV BY STEELE - NEW BRUNSWICK
7570,BRETT CHEVROLET BUICK GMC LTD.,STEELE CHEVROLET CADILLAC BUICK GMC SAINT JOHN
7571,FUNDY MOTORS 1995 LTD.,FUNDY HONDA
7572,3240220 NOVA SCOTIA LIMITED,FORBES KIA NEW MINAS
7573,SCOTTCARR INC.,FORBES KIA BRIDGEWATER
7574,RIVERVIEW MOTORS LTD.,
7575,KING AUTO LTD.,KING MAZDA
7576,BRUCE V-K LIMITED,VALLEY VOLKSWAGEN
7577,BRUCE K-Y LIMITED,BRUCE KIA
7578,Landry Family Trust 2043,
7579,HATHEWAY LIMITED,HATHEWAY FORD
7580,JDI HATHEWAY AUTO LTD.,BATHURST TOYOTA
7581,HATHEWAY (TRACADIE) LIMITED,HATHEWAY FORD TRACADIE
7582,Howard's Management,
7583,GRAND AUTO MART INC.,GRAND FORKS SUBARU KIA
7584,Strangs Shore Seasonal Camping Inc.,
7585,Chipman Waterfront Camping,
7586,DELANEY MOTORS INC.,CENTURY HYUNDAI SAINT JOHN
7587,742822 N.B. LTD.,WONDER AUTO & TIRE MAIN STREET
7588,742822 N.B. LTD.,WONDER AUTO & TIRE PROSPECT ST
7589,742822 N.B. LTD.,WONDER TIRE & AUTO RESTIGOUCHE RD
7590,742822 N.B. LTD.,WONDER TIRE & AUTO COVERDALE RD
7591,742822 N.B. LTD.,WONDER TIRE & AUTO MOUNTAIN RD
7592,742822 N.B. LTD.,WONDER AUTO & TIRE WESTVILLE RD
7593,742822 N.B. LTD.,WONDER AUTO & TIRE HORSESHOE LAKE DR
7594,742822 N.B. LTD.,WONDER AUTO & TIRE ROTHESAY AVE
7595,O'REGAN CHEVROLET BUICK GMC CADILLAC LIMITED,O'REGAN'S CHEVROLET BUICK GMC CADILLAC
7596,O'REGAN CHEVROLET BUICK GMC CADILLAC LIMITED,O'REGAN'S GREEN LIGHT USED CAR CENTRE HALIFAX
7597,O'REGAN CHEVROLET BUICK GMC CADILLAC LIMITED,O'REGAN'S NAPA AUTOPRO
7598,O'REGAN MOTORS LIMITED,O'REGAN'S GREEN LIGHT USED CAR CENTRE DARTMOUTH
7599,O'REGAN MOTORS LIMITED,O'REGAN'S NATIONAL LEASING
7603,MR AND MRS MOTORS INC.,MR MOTORS
7604,STRAIGHTLINE MOTOR GROUP INC.,
7605,2289739 ALBERTA LIMITED,FIFTH AVENUE VOLKSWAGEN
7606,2338119 ALBERTA LTD,LETHBRIDGE HYUNDAI
7608,HRT MOTORS INC.,HIGH RIVER TOYOTA
7610,(SOUTH CENTRE VOLKSWAGEN) 2296041 ALBERTA LTD.,SOUTH CENTRE VOLKSWAGEN
7612,2345137 ALBERTA LTD,VERMILION CHRYSLER DODGE JEEP RAM
7615,DPP ENTERPRISES INC,SYLVAN LAKE RV
7616,SilverZinc Motors ,Refine 
7617,SilverZinc Motorsports,
7620,WOLFE CADILLAC CALGARY LTD.,WOLFE CADILLAC CALGARY
7621,BRIDGE CITY CHRYSLER DODGE JEEP LTD.,
7623,BANNISTER FORD EDSON LTD,
7624,FM MOTORS LTD,WESTWIND HONDA
7625,SCHWAB CHEVROLET BUICK GMC,
7626,(OKOTOKS VW) 2296041 ALBERTA LTD.,OKOTOKS VW
7627,SOUTHSIDE PLYMOUTH CHRYSLER LTD.,SOUTHSIDE DODGE CHRYSLER JEEP RAM
7628,PLATINUM MOTOR CARS INC.,PLATINUM MITSUBISHI LTD.
7629,METHOD ACOUSTICS INC,METHOD MOTOR
7631,2419123 ALBERTA LTD,NAPA AUTO PRO MEDICINE HAT
7632,ROYAL OAK VOPCO LTD.,VOLVO CARS ROYAL OAK
7633,2412170 ALBERTA LTD.,WESTCASTLE CHEVROLET BUICK GMC
7634,2402406 ALBERTA LTD.,GARY MOE CHEVROLET BUICK GMC
7637,1615380 ALBERTA LTD.,LEGACY FLEET SERVICES
7640,OLYMPIC MOTORS (AB) XII CORPORATION,OLYMPIC MARINE & RECREATION AIRDRIE
7641,ABSOLUT WATERSPORTS LTD.,OLYMPIC MARINE & RECREATION - STRATHMORE
7651,2463556 ALBERTA LTD.,YEG DRIVES
7652,KIPP SCOTT CADILLAC,
7654,CAR WEST AUTO SALES INC.,CAR WEST LEDUC
7656,1717048 ALBERTA LTD.,LEGACY DODGE WETASKIWIN
7657,2485075 ALBERTA LTD,GARY MOE LETHBRIDGE CHRYSLER DODGE JEEP RAM
7658,FM HOLDINGS LTD.,
7659,1926979 AB LTD,BANNISTER GP HONDA
7660,HOMEFIELD MOTORS LTD.,
7661,WEST EDMONTON AUTO LTD.,WEST EDMONTON VOLKSWAGEN
7662,XTREME AUTO AND TRUCK SALES LTD.,
7665,Wheaton Honda West - SML,
7666,Wheaton Honda West - Wholesale,
7668,2497902 AB LTD.,CASTLE FORD SALES
7670,COAST AUTO DRAYTON INC,COAST DRAYTON VALLEY
7671,BANNISTER VENTURES GP,BANNISTER GP KIA
7672,DRIVENET LTD.,
7673,WOLFE REGISTRIES LTD.,REGISTRY WEST
7674,2160421 ALBERTA LTD.,FRONTIER MITSUBISHI
7675,2160421 ALBERTA LTD.,FRONTIER AUTO AND IMPORTS
7676,Western Truck & Trailer/OK Tire Nisku,
7677,WEBB'S 14 41 FORD LTD.,
7678,KOCH RV LTD.,AIRSTREAM OF EDMONTON
7679,2552836 ALBERTA LTD.,RED DEER VOLKSWAGEN
7680,FREE SPIRIT MARINE LTD.,SHERWOOD POWERSPORTS AND MARINE
7681,SOUTHSIDE MOTORS LTD.,KRAMER MAZDA
7682,771922 ALBERTA LTD.,NORTH HILL MAZDA
7683,NORTHSIDE AUTO LTD.,STONEY TRAIL MAZDA
7685,COCHRANE MOTOR SALES LTD.,COCHRANE GM
7686,ADRENALIN MOTORS CARSTAIRS LTD.,ADRENALIN MOTORS
7687,ALBERTA AUTO FINANCE LTD.,
7688,WHEATON CHEVROLET OF RED DEER LTD.,
7689,MCCLELLAN WHEATON CHEVROLET LTD,
7690,967210 ALBERTA LTD,EASTSIDE KIA
7691,SOUTH TRAIL K LTD,SOUTH TRAIL KIA
7694,RIVER VALLEY CHRYSLER DODGE JEEP RAM INC.,RIVER VALLEY CHRYSLER
7695,HIDRIVE AUTO LTD.,
7696,SHERWOOD HONDA,
7697,ELECTRONIC ENGINEER CONTROL AUTOMOTIVE LTD.,EEC MOTORS
7698, SMG Terrace Platform Inc.,
7699,1442642 BC Ltd.,
7700, Chinook Motors Inc.,
7701,STANDARD DOMESTIC AUTOMOTIVE LTD.,STANDARD DODGE CHRYSLER JEEP RAM
7702,VILLAGE AUTO SALES LTD.,
7703,SHELLBROOK CHEVROLET BUICK GMC LTD.,
7704,VILLAGE BUDGET CENTRE,
7705,PLATINUM AUTOSPORT,
7706,NORTH POINT AUTO SALES,
7707,102123869 SASKATCHEWAN LTD,MOOSE JAW HONDA
7708,KEVIN KNIGHT IMPORTS LTD,MOOSE JAW NISSAN
7711,MURRAY AUTO GROUP MEDICINE HAT,MURRAY CHEVROLET CADILLAC MEDICINE HAT
7712,2450166 ALBERTA LIMITED,TAZA PARK VOLKSWAGEN
7713,1661984 ALBERTA INC.,LEGACY AUTO SUPER CENTRE
7714,2621842 ALBERTA LTD,SUN VALLEY HONDA
7715,MURRAY AUTO SALES MEDICINE HAT LTD.,MURRAY HYUNDAI MEDICINE HAT
7716,OLYMPIC MOTORS (AB) IX CORPORATION,NORTHWEST ACURA
7717,OLYMPIC MOTORS (AB) IV CORPORATION,HONDA MAGIC
7718,SHAGANAPPI MOTOR SALES LTD.,SHAGANAPPI GM
7719,WOLFE TRANSPORTATION INC.,
7720,ALPHA EXPORTS LTD.,
7721,WOLFE BOW VALLEY PROPERTIES LTD.,
7722,COLEMASON HOLDINGS LTD.,
7723,ASHLEY WOLFE HOLDINGS LTD.,
7724,HARRISON WOLFE HOLDINGS LTD.,
7725,RAISED BY WOLVES HOLDING LTD.,
7727,OPEN AUTO WHOLESALE INC,
7728,ALBERTA LEASECO - WCC,
7730,OLYMPIC MOTORS (AB) CORPORATION,SUBARU CALGARY
7733,2619181 ALBERTA LTD,GARY MOE MEDICINE HAT CHRYSLER DODGE JEEP RAM
7801,102123881 SASK LTD,MOOSE JAW HYUNDAI
7802,SHELLBROOK CHEVROLET BUICK GMC LTD,
7803,STANDARD CHEVROLET BUICK GMC SHAUNAVON,STANDARD SHAUNAVON
7805,STANDARD MOTORS (24) LTD.,
7806,BARBER MOTORS (1963) LTD.,BARBER MOTORS CHEVROLET BUICK GMC
7807,VAUGHN WYANT AUTOSPORT LTD.,JAGUAR-LAND ROVER SASKATOON
7808,102064383 SASKATCHEWAN LTD.,VOLVO CARS SASKATOON
7809,PM & M FINE CARS LTD.,AUDI SASKATOON
7810,VILLAGE AUTO SALES LTD.,MOTO CITY MOTOR PRODUCTS
7811,SHERWOOD CHEVROLET INC.,
7812,SHERWOOD RV INC.,
7813,MELVILLE MOTORS LTD.,
7814,OLYMPIC MOTORS (SK) VII CORPORATION,MOOSOMIN DODGE
7815,WHITEWOOD DODGE,
7816,MOOSE JAW AUTO AND LEISURE LTD.,
7817,EXCLUSIVE AUTO MARINE LTD.,EXCLUSIVE AUTO MARINE 
7818,EXCLUSIVE AUTO MARINE LTD.,EXCLUSIVE AUTO MARINE
7820,R.B. DIXON HOLDINGS LTD.,REGINA MAZDA SALES
7821,GREAT PLAINS MOTORSPORTS INC.,
7822,102001017 SASKATCHEWAN LTD.,CARGET AUTOMOTIVE
7825,VELOCITY FORD LIMITED,VELOCITY FORD
7828,CANADA BUDGET CARS,
7829,CARGET SUPERCENTRE,
7830,102148228 SASKATCHEWAN LTD.,PRINCE ALBERT TOYOTA
7831,MEIDL MOTORS PARTNERSHIP,MEIDL HONDA
7832,MAINWAY MOTORS (2009) INC.,MAINWAY MAZDA
7833,OAKWOOD MOTORS INC.,OAKWOOD NISSAN/INFINITI SASKATOON
7834,RM MOTORS INC.,CARLTON HONDA
7835,ECHO VALLEY MOTOR PRODUCTS LTD.,
7836,SELKIRK CDJR LTD.,SELKIRK CHRYSLER
7837,1000563306 ONTARIO LTD,
7838,10033638 MB,
7839,7291401,
7840,AUTO OUTLET INC,
7841,6880089,
7842,Prairie Auto Group,
7843,CYPRESS MOTORS (S.C.),
7846,GO RV SASKATOON,
7847,CANADAONE DEALER SERVICES LTD.,
7848,CENTENNIAL FORD SALES LTD.,
7849,SCOUTY BEAR HOLDINGS INC.,LAKELAND KIA
7850,THOMPSON FORD SALES LTD.,
7851,OLYMPIC LEASING CORPORATION,
7852,M. AUTO GROUP MAPLE CREEK LTD.,MURRAY CHEVROLET BUICK GMC MAPLE CREEK
7853,OLYMPIC MOTORS (SK) I CORPORATION,AUTO GALLERY SUBARU
7854,ESTERHAZY FORD SALES LTD,
7855,OLYMPIC MOTORS (SK) V CORPORATION,COURTESY COLLISION CENTRE
7856,OLYMPIC MOTORS (SK) VI CORPORATION,OLYMPIC SUPER CENTER
7857,O'NEILL MOTORS CLARENVILLE LIMITED,WHITECAP CHRYSLER JEEP DODGE RAM CLARENVILLE
7858,O'NEILL MOTORS CLARENVILLE LIMITED,WHITECAP CHRYSLER JEEP DODGE RAM BURIN
7862,TWIN CHEVROLET BUICK GMC LTD.,TWIN MOTORS GM
7863,3968937 MANITOBA LTD,GERRY GORDON'S MAZDA
7865,SG AUTO GROUP,
7866,764671 NB Inc,West Kent Steamers Hockey Club
7900,O'REGAN MOTORS LIMITED,HALIFAX LEASING
7901,O'REGAN'S COLLISION CENTRE,
7902,ROADSPORT FREDERICTON INC.,RIVERVIEW HONDA
7903,RAE'S TRAILER & SPORTS CENTER LTD,
7904,SOUTH SHORE EXPRESS,
7905,3342691 NOVA SCOTIA LIMITED,BELLIVEAU MOTORS - DIGBY
7906,O'REGAN K-H LIMITED,O'REGAN'S KIA DARTMOUTH
7907,O'REGAN K-H LIMITED,O'REGAN'S KIA HALIFAX
7908,O'REGAN K-H LIMITED,O'REGAN'S VEHICLE PROCESSING CENTER
7909,Rae's Trailer & Sports Center Ltd (Accounting),
8101,MIKE BURKART FORD INC.,
8102,FREESE MOTORS INC.,
8106,Clear Automotive Group LLC,
8107,MCMINNVILLE CDJRM LLC,MCMINNVILLE CHRYSLER DODGE JEEP RAM MAZDA
8108,CAMBRIDGE TRUCK INC.,
8110,PELTIER LONGVIEW INC.,PELTIER KIA LONGVIEW
8111,PELTIER ENTERPRISES INC.,PELTIER NISSAN
8112,PELTIER SUBARU INC.,
8113,PELTIER CHEVROLET INC.,
8114,PELTIER TYLER INC.,PELTIER KIA TYLER
8115,BEECHMONT MOTORS AR,ALFA ROMEO OF CINCINNATI
8117,WOLFE USA INC.,WOLFE OF FORT BENTON
8118,Camco Wheel & Axle Inc.,Camco Wheel & Axle
8120,PAYNE RIO GRANDE CITY LLC,PAYNE RIO GRANDE CITY LLC
8121,Payne Dealer Group Management CO IN,Payne Dealer Group Management CO IN
8122,Payne Management Corp,Payne Management Corp
8123,Payne Pharr Collision LLC,Budget Rent A Car of the Rio Grande Valley
8124,Payne Collision Center Inc,Payne Collision Center Inc
8125,Payne Imports INC,Payne Collision Center of Pharr
8126,LAST STAND LLC,RANCHLAND FORD
8127,NISSAN MOTOR CORP. IN GUAM,NISSAN GUAM
8129,XYZ Motors LLC,Byron Center Motors
8130,SCHMIT BROS. DODGE INC.,SCHMIT BROS. CHRYSLER DODGE JEEP RAM
8131,SCHMIT BROS. AUTO INC.,SCHMIT BROS AUTOMOTIVE
8132,WANA ENGINE CENTER INC,WANA RV
8133,Nissan Rent-A-Car (Guam) Inc.,Nissan Rent-a-Car Guam
8135,MCCARTY CAPITAL GROUP LLC,WHARTON FORD
8136,GAMBLIN LLC,ART GAMBLIN MOTORS
8137,Weld County Garage Inc.,Weld County Garage Inc.
8138,ETATSOM LLC,PINEGAR HONDA
8140,PELTIER LONGVIEW II INC.,PELTIER FORD
8141,LAKE VIEW FORD INC.,
8142,GREENVILLE AUTO INC.,CHRYSLER DODGE JEEP RAM OF GREENVILLE
8143,DEAN INC.,DEAN HONDA
8144,BREWSTER FORD SALES INC.,
8145,BILL VOLZ'S WESTCHESTER AUTO CORP.,BILL VOLZ'S WESTCHESTER CHRYSLER
8146,MEADOWLAND GMC INC.,MEADOWLAND GMC
8147,FBS AUTOMOTIVE INC.,THE FARICY BOYS AUTOMOTIVE
8148,OWEN FARICY MOTOR COMPANY,THE FARICY BOYS JEEP
8149,FBF LLC,THE FARICY BOYS FORD
8150,CHARLES CLARK CHEVROLET CO.,
8151,CLARK-KNAPP MOTOR COMPANY L.C.,CLARK-KNAPP HONDA
8152,GLENBROOK DODGE INC.,GLENBROOK HYUNDAI
8153,WHITLEY COUNTY CHEVROLET LLC,CITY CHEVROLET
8154,CITY FORD LLC,
8155,GLENBROOK DODGE INC.,GLENBROOK DODGE CHRYSLER JEEP RAM
8156,GAWI LLC,WARSAW GMC
8157,GASBI LLC,MICHIANA CHRYSLER DODGE JEEP RAM
8158,MNW LLC,MERCEDES-BENZ OF FORT WAYNE
8159,MONEY FORD INC,
8160,SERRA TRAVERSE CITY M HOLDING COMPANY LLC,SERRA HOLDING TCM
8161,SERRA TRAVERSE CITY M HOLDING COMPANY LLC,SERRA TC BUICK GMC
8162,SERRA TRAVERSE CITY M HOLDING COMPANY LLC,SERRA TC BUICK GMC (BODY AND PAINT CENTER)
8163,SERRA TRAVERSE CITY M HOLDING COMPANY LLC,SERRA TC BUICK GMC (BRAKE & ALIGNMENT PLUS+ AUTO CARE CENTER)
8164,SERRA TRAVERSE CITY M HOLDING COMPANY LLC,SERRA TC BUICK GMC (USED CAR TECH CENTER)
8165,SERRA TRAVERSE CITY M HOLDING COMPANY LLC,SERRA TC CHRYSLER DODGE JEEP RAM
8166,SERRA TRAVERSE CITY M HOLDING COMPANY LLC,SERRA TC HYUNDAI
8167,SERRA KALKASKA AUTOMOTIVE LLC,SERRA KALKASKA
8168,SERRA GAYLORD AUTOMOTIVE LLC,SERRA GAYLORD
8169,Duff Auto Sales Inc.,Duff Outdoor Equipment
8171,BELL MOTORS INC,BELL FORD FLEET CENTER
8172,BELL MOTORS INC,BELL FORD
8173,WRAY FORD INC.,
8174,MEADOWLAND OF CARMEL INC.,MEADOWLAND OF CARMEL
8175,VCI - MANHEIM PENNSYLVANIA,
8176,HACIENDA AUTOMOTIVE LLC,HACIENDA NISSAN
8177,HACIENDA FORD OF KINGSVILLE LLC,
8178,VCI - CORPORATE - REMOTE USERS,
8179,VCI - ADESA GOLDEN GATE,
8180,VCI - MANHEIM DALLAS-FORT WORTH,
8181,VCI - DEALERS AUTO AUCTION,
8182,VCI - MANHEIM CENTRAL FLORIDA,
8183,VCI - ADESA BOSTON,
8184,VCI - MANHEIM ATLANTA,
8185,VCI - MANHEIM CHICAGO,
8187,VCCI - OPENLANE VANCOUVER,
8188,VCCI - OPENLANE TORONTO,
8189,VCCI - OPENLANE MONTREAL,
8190,VCI - MANHEIM SEATTLE,
8191,VCI - MANHEIM RIVERSIDE,
8192,VCI - ADESA WASHINGTON DC,
8193,VCI - MANHEIM NEW JERSEY,
8194,INTER PACIFIC MOTORS INC.,ORCHID ISLE AUTO CENTER
8195,ORCHID ISLE KONA,
8196,NASSCO LIMITED,
8197,COLLIER FORD INC.,
8198,VCI - PENNSYVANIA BUY BACK CENTER,
8199,VCI - RIVERSIDE BUYBACK CENTER,
8200,24/7 PARTNERS LLC,HYUNDAI OF SANTA MARIA
8201,YP AUTOMOTIVE INC.,GMC OF RIVERFRONT PARK
8202,COURTESY MOTORS INC.,COURTESY CHRYSLER DODGE JEEP RAM
8203,COMPETITION IMPORTS INC.,COMPETITION BMW OF SMITHTOWN
8205,COMPETITION MICROCARS LLC,COMPETITION SUBARU OF SMITHTOWN
8206,COMPETITION GEN INC.,GENESIS OF SMITHTOWN
8208,SUTLIFF SATURN INC.,SUTLIFF VOLKSWAGEN
8209,JOSWIAK MOTORS INC.,SOUTHERN MICHIGAN RV
8210,YODER CHEVROLET LLC,YODER CHEVROLET
8212,Yoder Chevrolet LLC,Yoder Chevrolet Fleet
8213,TRI-COUNTY FORD L.C.,
8214,R & T Leasing LLC,
8215,CREECH HOLDINGS INC,CREECH AUTO SALES
8244,RUIDOSO FORD LINCOLN INC.,
8245,THOMPSON CHEVROLET,
8246,AUTOSMART LLC,AUTOSMART CHEVROLET
8247,AUTOSMART LLC,AUTOSMART DEFIANCE
8248,AUTOSMART LLC,AUTOSMART LIMA
8249,AUTOSMART LLC,AUTOSMART FLEET
8250,BRADEN CGMC LLC,BRADEN CADILLAC & BRADEN GMC
8251,RORRER AUTOMOTIVE LLC,HOMETOWN CHEVROLET
8252,CAR CITY COMSTOCK PARK,
8254,HAGGERTY BUICK GMC INC.,
8255,JERRY HAGGERTY CHEVROLET INC.,
8256,Go Mobility Inc.,
8257,HAGGERTY FORD INC.,
8258,SERRA TRAVERSE CITY TOY L.L.C.,SERRA TOYOTA OF TRAVERSE CITY
8259,SERRA TRAVERSE CITY L.L.C.,SERRA TRAVERSE CITY
8263,Glenbrook Credit Acceptance Corporation (GCAC),
8264,DON AADSEN AUTOMOTIVE LLC,DON AADSEN CHEVROLET & CDJR
8265,MOTOR HUB AUTOMOTIVE TRURO INC,MOTOR HUB MITSUBISHI
8266,CROWN MOTOR COMPANY INC,CROWN INEOS GRENADIER DUBLIN
8271,IRONTON AUTOMOTIVE LLC,IRONTON AUTO
8272,ODOM CHEVROLET INC.,
8274,OLYMPIC MOTORS (SD) I CORPORATION,CAPITAL CITY FORD TOYOTA
8275,OLYMPIC MOTORS (SD) II CORPORATION,OLYMPIC CHEVROLET BUICK
8281,CLINT NEWELL AUTO GROUP,
8285,BUCKEYE AUTO SALES LLC,FAIRFIELD TRUCKS
8286,HOFLANDER FORD INC.,
8287,NEIGHBORS AUTO INC.,NEIGHBORS CHEVROLET
8292,RPM PERFORMANCE LLC,
8297,AUTOFARM MOBILITY LLC,
8300,TUBBS BROTHERS INC,
8301,TUBBS BROTHERS INC,BENNETT POWERSPORTS
8302,BITTERROOT BROKERAGE INC.,
8303,WOLFE USA LTD.,
8304,WOLFE USA INC.,
8305,WOLFE DEALERSHIP PROPERTIES USA LLC,
8306,KHOURY MIT OF AMARILLO LLC,AMARILLO MITSUBISHI
8307,YODA HOLDINGS LLC,
8335,HACIENDA QUICKLANE LLC,
8337,TBD,GRAFF CHEVROLET OF CHESTERTON
8338,TBD,GRAFF KIA OF CHESTERTON
8339,TBD,GRAFF CHEVROLET GMC OF MICHIGAN CITY
8340,TBD,GRAFF FORD OF CHESTERTON
8341,TBD,GRAFF TOYOTA OF CHESTERTON
8350,MARKQUART RV COLUMBUS LLC,MARKQUART RV - COLUMBUS
8354,MARKQUART NORTH COUNTRY RV LLC,NORTH COUNTRY RV
8356,VCI - MANHEIM OHIO,
8360,EVERGREEN AUTO GROUP LLC,MUSTANG COUNTRY CHEVROLET
8361,Sutliff Saturn Inc.,Sutliff Parts Depot
8366,VCI - MANHEIM CENTRAL-FLORIDA BUYBACK,
8367,VCI - MANHEIM NEW JERSEY BUYBACK,
8389,IMLAY CITY CDJR INC,IMLAY CITY CHRYSLER DODGE JEEP RAM
